session_id,cookie_id,utm_source,utm_campaign,page_viewed,bounce_flag,user_id_captured,timestamp
166410ca-36b5-4ebc-b183-f12752013718,2d8a7170-fdd0-4185-a097-08210488c0a9,mailchimp,CMP_LIVE_OTC_2026,/home,True,,2026-08-17 09:49:48.735296
2e0b5dcf-546f-4f5d-93da-1cd82b06d8d8,002b9f7b-c4d0-4c8d-b7b7-b7808ef7cd91,linkedin,CMP_LIVE_GASTECH_2026,/whitepaper-download,False,2.0,2026-08-21 15:49:40.735296
a43bfd9b-76bc-46bf-b76a-8ee569cba468,ea421be9-495a-4b58-8741-1dfaf859bc01,mailchimp,CMP_LIVE_GASTECH_2026,/home,True,,2026-08-10 06:49:48.735296
4813fca2-c226-4d0b-89ee-56507babe8e6,072867d8-aeac-4b4d-9ea0-6cca691fff0f,mailchimp,CMP_LIVE_GASTECH_2026,/home,True,,2026-08-08 05:49:48.735296
6eb3ecdf-14bc-40d3-bbce-6f7e49b8e5df,9b6318dc-6231-490a-afb7-67958a8fdc31,mailchimp,CMP_PAST_MIDDLE_EAST,/home,True,,2025-06-24 17:49:48.735296
3293c33b-2531-437a-9b86-2e853aef9ac3,b2b5fcf0-c12c-47d2-a205-38fb2accd8a8,mailchimp,CMP_LIVE_OTC_2026,/home,True,,2026-08-14 15:49:48.735296
146d5e5f-a53e-42d5-bbd6-a07584aa895c,86344b77-4bbf-4671-a8a3-d1756810a295,mailchimp,CMP_PAST_OIL_GAS_US,/home,True,,2026-01-29 14:49:48.735296
8b9598ca-2653-4182-8c72-a5a70f79654b,25cd6de9-7855-483b-8f1e-0c986a33815c,mailchimp,CMP_PAST_MIDDLE_EAST,/home,True,,2025-06-17 23:49:48.735296
5cc7c005-8f83-4eba-b336-1cb82f8dc44f,c3ec46a3-e9a1-4167-8f01-99bd45f218c1,mailchimp,CMP_LIVE_GASTECH_2026,/home,True,,2026-08-25 03:49:48.735296
a00ebf77-0055-41b4-9fb7-fd2d3679177f,adc88750-ff35-4f09-ab4b-f08ecb082a55,mailchimp,CMP_LIVE_OTC_2026,/home,True,,2026-07-18 17:49:48.735296
28bfce19-908a-46d8-83dd-844c3a0fb31a,1d028de8-1158-48c2-af29-cb15594c00cb,mailchimp,CMP_PAST_O_M_2026,/home,True,,2024-07-15 11:49:48.735296
85618dfe-3866-4fe3-8b90-12f53f16db29,258a5544-984d-4187-8617-fb5eb4f4bfcc,mailchimp,CMP_PAST_OIL_GAS_US,/home,True,,2026-02-14 18:49:48.735296
644a4cd4-8226-48b8-9508-43614ddc0cd1,21edbe5a-281d-4e4b-9f6a-afb950b83483,mailchimp,CMP_LIVE_GASTECH_2026,/home,True,,2026-08-18 02:49:48.735296
785fb44f-a736-4379-85f0-25314b42d060,002f62fe-3cae-4a8e-86cb-ef2385e404e1,mailchimp,CMP_PAST_MIDDLE_EAST,/home,True,,2025-07-27 10:49:48.735296
8da856e6-6de7-48d4-8ee5-825eb783cfb5,915adf9c-f843-40bc-a31a-ff7e09710d6a,mailchimp,CMP_LIVE_OTC_2026,/home,True,,2026-07-23 20:49:48.735296
397e45f2-b9c6-4e6c-a47e-fc6f67cc1935,ca4b1e57-838d-49e8-bdc7-fca7199a927d,mailchimp,CMP_LIVE_GASTECH_2026,/home,True,,2026-08-05 22:49:48.735296
d28e9105-fc44-4eee-8e86-7d414327604c,24da0549-aee2-4335-bf14-67080f9a2f42,mailchimp,CMP_LIVE_GASTECH_2026,/home,True,,2026-08-05 08:49:48.735296
5570e744-4a68-47b7-9d1e-5cca3dd8e11f,d9e978b0-1cd1-436a-8a98-25177edbe7b2,mailchimp,CMP_PAST_OIL_GAS_US,/home,True,,2026-01-21 02:49:48.735296
e91a9499-cf07-4c4f-9b50-3f4e946affd0,ccfe1dd9-d4e4-45e6-9a9d-1674d9b03892,mailchimp,CMP_PAST_O_M_2026,/home,True,,2024-07-08 13:49:48.735296
92699b64-164e-45d4-bd42-3db1a38d9ae9,baa2f071-3815-4d14-8f4a-3e5e74e5a12b,mailchimp,CMP_LIVE_GASTECH_2026,/home,True,,2026-08-06 12:49:48.735296
c92f709d-a30e-4aef-9cea-c246bd8621ed,a05383d5-9b7a-46df-b0ea-fb77a6d5acc4,mailchimp,CMP_PAST_MIDDLE_EAST,/home,True,,2025-09-15 18:49:48.735296
0bff8335-6ade-4f2c-a317-e873dd47d693,a1788b0a-7aa2-4a79-9d1e-28ba87756785,mailchimp,CMP_LIVE_GASTECH_2026,/home,True,,2026-08-30 15:49:48.735296
92e9a3f8-df58-49de-84fa-c7340f36578c,f46a872e-48d4-483c-b44a-f93ddc8594b2,mailchimp,CMP_LIVE_GASTECH_2026,/home,True,,2026-08-26 19:49:48.735296
77b47a35-2f45-4e3c-9677-ae4c88af5162,4d189a25-c918-4aaf-8639-4aeecc62e2be,linkedin,CMP_PAST_OIL_GAS_US,/whitepaper-download,False,33.0,2026-02-08 09:49:40.735296
1f4a06aa-0b3b-4243-afa4-0f702449ec10,c3393138-861b-4946-8ca4-c00b35418f9b,mailchimp,CMP_LIVE_OTC_2026,/home,True,,2026-07-07 22:49:48.735296
7164bcbd-164d-4e5c-9770-19d6fd7abe37,963f6b87-ca63-44e6-bb9a-1077a13467f3,mailchimp,CMP_LIVE_GASTECH_2026,/home,True,,2026-09-03 07:49:48.735296
2b0e5de7-4658-402d-8255-36c2015aba5c,8409553f-0979-45d9-8c27-fa265d830dae,mailchimp,CMP_PAST_MIDDLE_EAST,/home,True,,2025-11-02 15:49:48.735296
68fddced-2809-42df-bc1a-3cf0550ab228,84f168ad-c969-4cb1-9484-128b5d4d0064,mailchimp,CMP_LIVE_OTC_2026,/home,True,,2026-08-29 18:49:48.735296
ab55ff1c-1880-43a3-a9cf-e176fafde28b,83e20dfc-4c19-4252-91ce-da18b4564e55,mailchimp,CMP_PAST_OIL_GAS_US,/home,True,,2025-11-20 14:49:48.735296
d9698d9c-99ad-4ebd-aad1-36254408684d,3956bd09-b6df-4c4e-a941-b8b1f105b056,mailchimp,CMP_PAST_MIDDLE_EAST,/home,True,,2025-05-12 10:49:48.735296
1614c0c3-be47-42f6-b4d8-bcaa2c77574e,59d63719-78a3-4c80-b949-84d1036c90c3,mailchimp,CMP_LIVE_GASTECH_2026,/home,True,,2026-08-21 15:49:48.735296
5a17559d-662a-4590-9a05-e8d2c84282b2,198c9485-c1c7-4e01-8058-ede7d26c49be,linkedin,CMP_PAST_OIL_GAS_US,/whitepaper-download,False,50.0,2025-12-17 01:49:40.735296
5a4d63c6-a32f-48f8-8756-444d755fa57d,ef42733b-bf56-406b-a008-5ffa04c910dd,mailchimp,CMP_LIVE_GASTECH_2026,/home,True,,2026-08-08 03:49:48.735296
baea2043-3535-45a2-ac76-5344a89c95ed,897e8482-1c39-40c3-9680-29c911727972,mailchimp,CMP_PAST_O_M_2026,/home,True,,2025-02-03 09:49:48.735296
57e102e3-181a-45c6-b0f1-5bdf7b1ea860,8807b2b8-ba7f-498b-a449-fa5fa159f8f8,mailchimp,CMP_LIVE_GASTECH_2026,/home,True,,2026-08-12 10:49:48.735296
6f578c31-e3da-4b51-b9f5-57578c162e9d,36833e6f-7f76-4b44-8266-a3b9647dff8a,mailchimp,CMP_LIVE_GASTECH_2026,/home,True,,2026-08-27 14:49:48.735296
ce3aeb4c-dd7b-4255-950f-2790be89293e,beb72a3d-52e4-46c8-b3e0-4d22da7c9e5f,mailchimp,CMP_LIVE_GASTECH_2026,/home,True,,2026-08-19 06:49:48.735296
199d6018-4e5c-41f5-b927-9733f0aa2447,064bf264-dfd6-4ab3-bb36-6c23300a90c5,mailchimp,CMP_LIVE_OTC_2026,/home,True,,2026-07-14 08:49:48.735296
eea495f9-a57c-4696-8413-c5aef3fc6812,7115a924-0d61-4b68-826e-7e878a77cf3a,mailchimp,CMP_LIVE_GASTECH_2026,/home,True,,2026-08-28 14:49:48.735296
1ae9a941-2b7b-4458-bda6-c6d85c5594b7,f70de4e5-938a-46dc-a3ad-7462efb0defe,mailchimp,CMP_PAST_O_M_2026,/home,True,,2024-09-26 18:49:48.735296
99ba8ca3-0ba9-4041-8405-4d92d62387d5,cc828069-1673-4db4-bbb4-72c27dfd3002,mailchimp,CMP_LIVE_OTC_2026,/home,True,,2026-07-30 00:49:48.735296
9456e197-7bf9-4b36-b289-3c34b8b09605,4c500c2d-5a80-4ea0-a5c7-2992bcf3bf69,mailchimp,CMP_LIVE_GASTECH_2026,/home,True,,2026-08-25 08:49:48.735296
206fdf2a-a358-4f61-9e28-ee267662d824,9c49329d-85f1-4c89-bbe6-3965fd657ecd,mailchimp,CMP_PAST_OIL_GAS_US,/home,True,,2026-02-19 10:49:48.735296
57b1a4de-c82e-44fe-876e-9ed50c11ef53,d9095fca-b05c-4bf1-88d9-f891280c9c20,mailchimp,CMP_PAST_OIL_GAS_US,/home,True,,2026-02-17 07:49:48.735296
e4002bc3-84ed-4fb5-8266-96d3025911a4,99b3c7f5-3b19-4725-8bbf-28e0df8fca43,mailchimp,CMP_PAST_MIDDLE_EAST,/home,True,,2025-06-25 12:49:48.735296
0ff63698-a0e7-4c16-b1cc-cb0410fa2622,832f7ef9-85b6-46c0-af03-6980954e7b8c,mailchimp,CMP_LIVE_GASTECH_2026,/home,True,,2026-08-07 01:49:48.735296
2e201b4e-558b-4710-99bb-61157f7db81f,fd63fd3e-7fb4-4d47-8f3a-ef9d7746b9ca,mailchimp,CMP_LIVE_OTC_2026,/home,True,,2026-07-28 03:49:48.735296
7cc9b66b-4b44-42dc-b7bc-41cdb87c11e3,8bd35a37-ee14-4508-a220-513930973507,linkedin,CMP_PAST_OIL_GAS_US,/whitepaper-download,False,68.0,2026-03-19 11:49:40.735296
55cee593-7c22-4708-9fcc-e3c952d9ea62,f3effa09-04d5-45e7-b11c-dd17883d19c7,mailchimp,CMP_LIVE_GASTECH_2026,/home,True,,2026-08-23 19:49:48.735296
f02b7d29-031a-44e0-a2b6-8976b84ba381,4a80deda-e62a-4930-9991-5a5955e3ac1f,mailchimp,CMP_LIVE_GASTECH_2026,/home,True,,2026-09-01 06:49:48.735296
6d2cfbd9-7772-4b39-ba9d-6f86e462fa5d,878a55d9-158f-4bbf-abeb-61f4c7db701a,mailchimp,CMP_PAST_MIDDLE_EAST,/home,True,,2025-07-13 03:49:48.735296
d13cfd79-dd6b-498f-b6b2-4f0df0e7eed7,cb46c5b5-3298-4416-9fea-2312fc04e3fa,mailchimp,CMP_PAST_OIL_GAS_US,/home,True,,2025-12-24 14:49:48.735296
d1afb14e-441f-479e-96ee-7456e22a21d2,bd134bbc-c65a-4717-91f8-bdb02aea6b4c,mailchimp,CMP_LIVE_OTC_2026,/home,True,,2026-07-15 03:49:48.735296
fa90a44b-5aff-4886-92cd-c1bd4373077b,14a1b3e7-4fcb-412b-b27d-d248b6e43f80,linkedin,CMP_PAST_MIDDLE_EAST,/whitepaper-download,False,81.0,2025-04-24 03:49:40.735296
57f91014-c3af-46e3-8308-a71cbf309480,41e1f02a-6650-4709-b4ce-a244a4a9a591,linkedin,CMP_LIVE_GASTECH_2026,/whitepaper-download,False,83.0,2026-08-18 02:49:40.735296
187411f7-9c23-4a8c-913e-d7e923eb91e0,b1783bc5-b935-4920-994e-77999e6f26e1,mailchimp,CMP_PAST_MIDDLE_EAST,/home,True,,2025-10-14 02:49:48.735296
1d72d00d-17ad-4720-b538-9db472482158,f1968f10-f97d-449f-9160-80fd7152adb9,mailchimp,CMP_LIVE_GASTECH_2026,/home,True,,2026-08-24 15:49:48.735296
b88d5878-7f59-435e-b0eb-416226f82d65,0952abc4-47e4-478a-b4b1-5664720cd966,mailchimp,CMP_LIVE_GASTECH_2026,/home,True,,2026-08-16 12:49:48.735296
bf6031dd-81ad-4ef2-b507-c5845d2faac5,4b27e15d-91bf-4cf2-afc0-edd45f70dfdd,mailchimp,CMP_LIVE_OTC_2026,/home,True,,2026-08-11 22:49:48.735296
7746f9e6-3f21-458b-a575-6c0c03c6a927,ccab2ea3-f7a3-431f-8523-ca0c2607925d,mailchimp,CMP_LIVE_GASTECH_2026,/home,True,,2026-08-22 01:49:48.735296
457cfdfd-9deb-4705-856d-8e8a480dc010,afe83b2c-2dc1-4349-870a-88efbb9f95f6,mailchimp,CMP_LIVE_OTC_2026,/home,True,,2026-08-11 22:49:48.735296
e584267a-aa84-4766-8443-a549fe5545c5,7318d918-8a9e-42be-84c3-96cecc2ebc48,linkedin,CMP_PAST_MIDDLE_EAST,/whitepaper-download,False,89.0,2025-07-30 08:49:40.735296
db6511b7-6dbf-466b-88ab-655dfd3d5697,b4ac1bc0-239b-4555-9ddd-4e0b149bb893,mailchimp,CMP_PAST_MIDDLE_EAST,/home,True,,2025-09-12 20:49:48.735296
0b886a16-ad1c-492d-bd54-822f0bf54b38,c5c5ad0a-c8c7-4cf0-b5ce-246991db1476,linkedin,CMP_PAST_MIDDLE_EAST,/whitepaper-download,False,91.0,2025-05-31 20:49:40.735296
a2864ecb-b419-4df2-a27d-c62342fa2f93,0c929ad2-ce12-44bd-840f-582f05e159e0,mailchimp,CMP_LIVE_GASTECH_2026,/home,True,,2026-08-21 11:49:48.735296
91632ef3-b6b9-46ad-83b0-80d401ea21b5,2850989d-665f-4e89-8839-7da9f9ad2b21,linkedin,CMP_LIVE_OTC_2026,/whitepaper-download,False,96.0,2026-08-20 01:49:40.735296
9d215c17-350c-49ba-9276-0d7f6e4c370e,47120073-7a35-4c69-b2da-a2c4af1f8c6a,mailchimp,CMP_PAST_MIDDLE_EAST,/home,True,,2025-07-12 18:49:48.735296
738e3bf0-2a19-42b5-8eb5-8c6403dfb835,215f5dd0-8ee8-4e7a-be57-f3873d8c7bd1,mailchimp,CMP_LIVE_OTC_2026,/home,True,,2026-08-18 23:49:48.735296
78ec63e2-d0d3-4ce7-b2d0-2d01cec0d23d,bcd48fee-65b0-4d79-b32b-454d69396df4,mailchimp,CMP_LIVE_GASTECH_2026,/home,True,,2026-08-12 05:49:48.735296
c9a067f8-130f-4760-9684-3486c5711c29,c149a9ed-2324-4b1d-b800-0b667ea8d575,mailchimp,CMP_PAST_O_M_2026,/home,True,,2025-02-19 02:49:48.735296
f43cb6bc-aca5-4518-8342-de345f44fc7c,825ef5e0-b93d-4d75-8e20-92f78b8e3b31,mailchimp,CMP_PAST_OIL_GAS_US,/home,True,,2026-09-01 23:49:48.735296
76020e79-2d3e-463f-b114-9ea90d3fa188,74b6bc4d-b590-4c58-b833-65b2dc9c7888,linkedin,CMP_PAST_MIDDLE_EAST,/whitepaper-download,False,101.0,2025-11-02 12:49:40.735296
872f56e5-3ccd-4c93-bdec-3ab822e051c3,1d6600ea-5b83-49d7-b254-b4a0241e6565,mailchimp,CMP_LIVE_GASTECH_2026,/home,True,,2026-08-05 02:49:48.735296
3b3b6612-c6bf-41f0-a6d8-680740a0308b,859f95d7-fc4c-402c-9f5d-c247e5a81a72,mailchimp,CMP_LIVE_OTC_2026,/home,True,,2026-07-27 12:49:48.735296
83dd7b9e-b047-406d-b6c6-e6de6701f1d8,c31bd08b-ffd9-4e80-9e8a-da7421f6ad4f,mailchimp,CMP_PAST_OIL_GAS_US,/home,True,,2025-11-17 18:49:48.735296
74620ffe-7dc8-4910-9335-44b7f0d3faa6,2a57ac8d-ff21-4e21-9b83-9a9955e880e4,mailchimp,CMP_LIVE_GASTECH_2026,/home,True,,2026-08-15 03:49:48.735296
eaf92409-2520-4b6c-a6ad-cb3a900cc530,3938622d-4a66-4eb7-981b-7e30f455a209,mailchimp,CMP_LIVE_GASTECH_2026,/home,True,,2026-08-23 19:49:48.735296
00ebb599-5940-428d-8dd1-95cfd7126dea,093e876d-5f0a-4ef0-b56a-e3bdbbfb3ac3,mailchimp,CMP_LIVE_GASTECH_2026,/home,True,,2026-08-29 23:49:48.735296
26f8b4a6-ea8d-4b99-8fe7-2c81f584e50b,66f36749-e2c4-4064-a416-42541f4103ac,mailchimp,CMP_PAST_O_M_2026,/home,True,,2024-11-14 05:49:48.735296
666c0d0f-b1dd-4b2c-9625-b844338c9b04,c6e8be8d-6528-4496-af7c-9b4918483e68,mailchimp,CMP_PAST_O_M_2026,/home,True,,2024-12-07 16:49:48.735296
8d31e8e1-bb1a-43b1-aea5-451d26630a65,9134675f-7d1a-412c-9d76-3e866783702c,linkedin,CMP_LIVE_OTC_2026,/whitepaper-download,False,111.0,2026-08-13 05:49:40.735296
c6911098-5a29-48d8-a42d-17c862b4cca8,583c8636-90ab-41cc-ade1-8e9400e0437d,linkedin,CMP_PAST_O_M_2026,/whitepaper-download,False,112.0,2025-01-31 21:49:40.735296
4d52a1d8-8ddc-4e25-9e09-ffc1f6fc063a,41cbc565-c8f7-410b-8bdf-304b1f2f9ac9,mailchimp,CMP_LIVE_GASTECH_2026,/home,True,,2026-08-28 00:49:48.735296
e304a5a4-ba32-4e50-ae2e-3981b6d7d979,0476f9a0-7917-4f59-89ae-859a6be3cc9e,linkedin,CMP_PAST_MIDDLE_EAST,/whitepaper-download,False,113.0,2025-06-08 15:49:40.735296
a10e8109-3fc2-4438-a985-1b1f3885b4c3,45ede96c-ed22-4f90-8288-7d4c5db78f53,mailchimp,CMP_LIVE_GASTECH_2026,/home,True,,2026-08-11 03:49:48.735296
2ac02c14-f1f7-41ac-b150-548fd82f5951,d610bade-b980-4d65-b7da-f9bc3bfab817,linkedin,CMP_PAST_O_M_2026,/whitepaper-download,False,114.0,2025-04-01 03:49:40.735296
7ecb4aad-eeda-42a7-9117-81e026d0c721,d9851b3c-e577-48a8-89e0-038df199c3dc,mailchimp,CMP_LIVE_OTC_2026,/home,True,,2026-07-11 13:49:48.735296
246b070f-824f-4c0d-ba63-8b66340fd827,76bc95cc-2224-45ec-8b43-db820de9d8d4,mailchimp,CMP_LIVE_GASTECH_2026,/home,True,,2026-08-24 09:49:48.735296
6cd3ce4a-5532-4143-88cd-b6af43e532cc,c7fa2b30-2c89-4659-930f-130ef129ef1f,mailchimp,CMP_LIVE_OTC_2026,/home,True,,2026-08-01 20:49:48.735296
be42ed41-01c6-45f1-b77f-c5dc35e7729e,b723524d-0a6e-451d-85a9-38f851719c61,mailchimp,CMP_LIVE_GASTECH_2026,/home,True,,2026-08-08 07:49:48.735296
898d8e8b-b154-442d-8afe-ac608d23145f,20e73f0a-08ad-49ae-a662-ebcebe6a74f3,mailchimp,CMP_LIVE_OTC_2026,/home,True,,2026-07-24 20:49:48.735296
267e87f8-5a06-4b29-a33b-ab6e0c003b67,0541b776-5521-4faf-b093-0d02911ebaf0,mailchimp,CMP_PAST_OIL_GAS_US,/home,True,,2025-12-30 07:49:48.735296
7214fb1b-609f-4d8f-9585-700650f9f3f9,5396aebf-c98b-4fdc-89a1-7d0b417ea2f0,mailchimp,CMP_LIVE_OTC_2026,/home,True,,2026-07-20 14:49:48.735296
cde72796-017c-4830-91d5-cc691cf86c0f,ed847eec-4946-4d75-b0a7-b4f1aa5b0535,mailchimp,CMP_PAST_MIDDLE_EAST,/home,True,,2025-04-25 21:49:48.735296
61ab07ed-af41-4053-8bf9-8812215f39bd,88a79d67-855b-4896-9cff-3d92ebdbc60f,mailchimp,CMP_PAST_O_M_2026,/home,True,,2025-02-18 07:49:48.735296
a08ef927-5018-4aa3-aaaf-912b0a1cd0c4,3c7b85a1-9124-43b7-b280-68f51731f344,mailchimp,CMP_LIVE_GASTECH_2026,/home,True,,2026-08-20 00:49:48.735296
04c64ffc-b73c-49df-bf11-58d2568a9e3c,a4e0a33e-e3ec-45ae-a412-dad9403dce43,mailchimp,CMP_LIVE_OTC_2026,/home,True,,2026-08-01 22:49:48.735296
dede65e7-251f-4a87-90b4-74ac7f7a50aa,4c316a1e-dff9-48cd-b7df-a06fc979beda,mailchimp,CMP_PAST_MIDDLE_EAST,/home,True,,2025-06-27 05:49:48.735296
2a81a5f8-8a79-4204-aaef-4c0e3b6be7ed,f1e2d5ef-d49a-4958-ae45-520c0c194c1f,linkedin,CMP_LIVE_GASTECH_2026,/whitepaper-download,False,139.0,2026-08-17 23:49:40.735296
51ce2a63-187d-447f-8a47-5e30e15ad9b0,f431870a-020a-4120-8c24-94cfbeafa4fb,mailchimp,CMP_PAST_MIDDLE_EAST,/home,True,,2025-04-29 06:49:48.735296
eeee69c0-d502-443f-846a-b9e50badeee5,46fa1eea-35b6-4db1-a250-dc936805eb9b,mailchimp,CMP_PAST_O_M_2026,/home,True,,2024-08-31 15:49:48.735296
ed44df31-334c-40cb-b39f-6f476bfc45e2,8225bcd5-0798-4252-b0f4-74f56bcad412,mailchimp,CMP_LIVE_GASTECH_2026,/home,True,,2026-08-28 15:49:48.735296
8a1c98fd-13f6-4d34-a7ce-9af2cf6c208e,eb38305e-73fd-452e-bc7b-8e2ac364d593,mailchimp,CMP_LIVE_GASTECH_2026,/home,True,,2026-08-20 04:49:48.735296
20af91e3-4995-4bfe-9f41-d57f9b84d82b,d1da6242-49d8-4d75-b387-b4b72f77bec5,mailchimp,CMP_LIVE_GASTECH_2026,/home,True,,2026-08-25 06:49:48.735296
568d41a7-dbf1-4d15-a3b6-41cd9c51bf9c,5b472c7f-2b16-4613-a700-2ae22e220faf,mailchimp,CMP_PAST_MIDDLE_EAST,/home,True,,2025-05-15 01:49:48.735296
bd611ab9-0857-47e6-89ac-f00d70071f7f,24ee098d-f0aa-4e84-b08f-ff2416206d58,mailchimp,CMP_LIVE_GASTECH_2026,/home,True,,2026-08-23 00:49:48.735296
e28e3a60-2130-441d-8776-912c8a53d855,91e25df1-e7da-4db3-83e1-ffd0526db667,mailchimp,CMP_LIVE_OTC_2026,/home,True,,2026-07-09 14:49:48.735296
4a95f8fb-f4b9-4a78-a75a-6702755bf3ce,375de1e8-65a5-48b3-9b16-3a5107829c22,mailchimp,CMP_LIVE_GASTECH_2026,/home,True,,2026-08-23 20:49:48.735296
da74b208-5c75-4ad9-b544-222879deb2e3,def81dd9-acc9-4b0a-a941-fcd5aff6e83f,mailchimp,CMP_PAST_OIL_GAS_US,/home,True,,2025-11-10 12:49:48.735296
3924d943-8f0f-4aba-aa20-a544687a1de9,149560cd-cb0a-49b4-bed5-4a0f50233859,linkedin,CMP_LIVE_GASTECH_2026,/whitepaper-download,False,154.0,2026-08-04 22:49:40.735296
ecc02cda-7c80-4362-a80a-b586d57a4a9d,b7be9d2e-c807-4659-b5ea-e2ef422021bc,mailchimp,CMP_PAST_MIDDLE_EAST,/home,True,,2025-07-13 10:49:48.735296
929a92d5-81bd-4ec3-9163-e9cdf35dd1d5,c47e262b-548b-48bd-906d-67b97748215a,mailchimp,CMP_PAST_OIL_GAS_US,/home,True,,2026-08-28 21:49:48.735296
04c70e07-42e4-475e-939e-9b7c4270521c,9e3aed94-3d16-469b-ad9f-d912e78b0220,mailchimp,CMP_LIVE_OTC_2026,/home,True,,2026-08-11 12:49:48.735296
a721130b-6a2d-4e39-b505-df1607253cf3,4a98f497-89fe-4ad0-ab5a-ffdba5bd651f,mailchimp,CMP_LIVE_GASTECH_2026,/home,True,,2026-08-06 00:49:48.735296
2e657870-f58c-4349-86b2-fb09614237b5,1705e22a-2b96-469d-9fb1-1a1516666c60,mailchimp,CMP_PAST_OIL_GAS_US,/home,True,,2026-01-20 22:49:48.735296
5bd63b39-fba2-41f6-9f3d-4b3e1d782f7e,9b49b353-c27f-4646-83a2-33e8e2bf9c05,mailchimp,CMP_PAST_O_M_2026,/home,True,,2024-11-13 03:49:48.735296
aa1b989d-9cba-44a5-a7a1-a3a83e5832fb,52c742b3-1006-4f62-9e42-a7cfd3fd4512,mailchimp,CMP_LIVE_OTC_2026,/home,True,,2026-08-26 00:49:48.735296
799f8fe4-79a9-4148-b942-fb3ab0230db3,4a3495c4-f280-45e6-abb6-cccc14bb4a17,mailchimp,CMP_PAST_OIL_GAS_US,/home,True,,2025-11-24 04:49:48.735296
c1d0f82d-837a-47a1-a949-f8d600781c6c,faab2bed-4b52-4bad-be5e-c0075895a513,mailchimp,CMP_PAST_O_M_2026,/home,True,,2024-07-11 07:49:48.735296
f59f555c-241b-48fc-a243-f556b4a17fa4,0ff1b14b-03fb-477a-b66c-8c0e8a78bb2a,mailchimp,CMP_LIVE_OTC_2026,/home,True,,2026-08-15 18:49:48.735296
6e906e62-d54d-47e1-81ba-176e125999bb,1b5f45fc-5383-4a5b-bd55-75274454b331,mailchimp,CMP_PAST_O_M_2026,/home,True,,2024-06-26 09:49:48.735296
7893a1f4-3531-48c8-b682-55817a1ac113,e3aabc4c-7626-4bc7-8bc8-ae33cf049fe2,mailchimp,CMP_PAST_MIDDLE_EAST,/home,True,,2025-05-09 01:49:48.735296
e2ef44a9-c11f-496d-8e22-3b1eeb2d938d,289d819b-444e-4bf3-b65e-cad4334e3184,linkedin,CMP_PAST_OIL_GAS_US,/whitepaper-download,False,176.0,2026-01-23 15:49:40.735296
4ecd2c07-7fb6-4b27-a808-197cc007a118,754b85de-49f3-49f5-bfb1-22b16a35b32d,mailchimp,CMP_LIVE_OTC_2026,/home,True,,2026-08-27 06:49:48.735296
c23667db-43ab-4c9e-82a1-fd728d5db9b9,6f0c7d5c-4ade-441d-9d0c-6b419232e795,mailchimp,CMP_LIVE_GASTECH_2026,/home,True,,2026-08-04 22:49:48.735296
8a6a2211-9712-4bc3-b022-cad4d2696500,af18a888-2a82-464e-a9f0-859dc62a7145,mailchimp,CMP_PAST_OIL_GAS_US,/home,True,,2025-12-11 05:49:48.735296
07017f02-e5f9-41ff-bad4-53a69d81379f,738e9319-da2d-43aa-9909-0b8b528f74c1,linkedin,CMP_PAST_MIDDLE_EAST,/whitepaper-download,False,191.0,2025-04-27 13:49:40.735296
0a98e913-1ccc-45ef-921a-ffb5e7d0e88a,841fc311-ba67-40a8-acd3-b76afc6fa62e,mailchimp,CMP_LIVE_GASTECH_2026,/home,True,,2026-08-27 08:49:48.735296
b4ec3417-0f73-4daf-9099-e9f49396cf23,54398877-4231-4601-9bf2-dcf79449a19a,mailchimp,CMP_PAST_O_M_2026,/home,True,,2025-01-15 15:49:48.735296
96a34b7b-d827-41a1-bca8-71c1ef39fb64,40a538e3-8aaa-42ea-851c-6a1aa4a785a3,mailchimp,CMP_LIVE_OTC_2026,/home,True,,2026-07-07 16:49:48.735296
f10af835-91b3-48d2-a398-ba9a4ac9e63d,e1fe4cff-e8b9-4aa3-919b-7779c28f0748,mailchimp,CMP_LIVE_OTC_2026,/home,True,,2026-08-21 05:49:48.735296
52ed587d-c620-4ebb-a803-d8634be9d405,7e0fcfed-a7e8-4334-bcd3-9ce4798be83f,mailchimp,CMP_PAST_OIL_GAS_US,/home,True,,2026-03-01 16:49:48.735296
8c8e1c77-8e23-4cfa-b998-1040c6414a6e,64d57627-a959-407a-8c4d-c89bb5e50661,mailchimp,CMP_LIVE_GASTECH_2026,/home,True,,2026-08-30 10:49:48.735296
bd5fa3a2-a7a5-4b76-bb69-89c85ccd184e,87de2067-7a5f-4249-bf64-9bb194f1b0bb,linkedin,CMP_LIVE_OTC_2026,/whitepaper-download,False,207.0,2026-07-20 12:49:40.735296
3f2acd6a-96b2-404f-adbc-3132ef046246,23c3b52a-4210-4337-8e4a-c00d27472f48,linkedin,CMP_LIVE_GASTECH_2026,/whitepaper-download,False,208.0,2026-08-17 03:49:40.735296
cec08821-8eb6-466b-a252-57a64f68e49a,5085bd33-74f7-4502-b0a5-51a7a850867d,mailchimp,CMP_PAST_OIL_GAS_US,/home,True,,2025-12-18 11:49:48.735296
09540e7d-5317-471b-ba7c-6a8c2309de31,499401db-f910-42c3-ac72-c9bce8138c96,mailchimp,CMP_LIVE_OTC_2026,/home,True,,2026-09-02 18:49:48.735296
09839ee5-a595-45e5-875a-fbab97129140,6c3babcb-2806-4946-b30a-b8a7905fc1b1,mailchimp,CMP_PAST_MIDDLE_EAST,/home,True,,2025-08-12 15:49:48.735296
53b4b82e-330c-4c0e-9624-c0d03c0a2bc8,59b2845c-6b30-4049-840d-9b1a703471a3,linkedin,CMP_LIVE_OTC_2026,/whitepaper-download,False,215.0,2026-07-16 06:49:40.735296
1db7c55a-34bd-43cd-8f0b-4a620749727e,7ee86b85-e540-4755-9b14-71443da4547e,mailchimp,CMP_PAST_OIL_GAS_US,/home,True,,2026-01-01 03:49:48.735296
22d5628a-8c1f-4f5b-95e6-f60b649a4636,72f32f20-e5cb-476d-b366-93b71f856364,mailchimp,CMP_LIVE_OTC_2026,/home,True,,2026-08-18 18:49:48.735296
8bcc7e87-da67-4844-9b07-590ff5ae7d02,f1924d45-6522-41a5-992d-1986e2e18abc,mailchimp,CMP_LIVE_OTC_2026,/home,True,,2026-08-17 07:49:48.735296
6afd8325-a841-4244-a806-a281b612e091,e6d7e517-25cc-4d18-9b26-2a986177640a,mailchimp,CMP_PAST_OIL_GAS_US,/home,True,,2026-01-27 03:49:48.735296
2b7f62e5-1956-451c-a87f-d88c128b0999,49a934f8-0dd0-4bc9-bc94-38c7fd2c373f,mailchimp,CMP_LIVE_GASTECH_2026,/home,True,,2026-09-03 04:49:48.735296
ba4065ae-139c-4bbc-9646-e41694165c30,0cc72c46-2ea2-4a98-a368-5caa2f6d325d,mailchimp,CMP_LIVE_OTC_2026,/home,True,,2026-07-05 22:49:48.735296
25ebaabd-dae5-474c-923e-7e592b4fced1,466ade32-670f-44dc-bef7-8afdef11bec9,mailchimp,CMP_LIVE_GASTECH_2026,/home,True,,2026-08-24 18:49:48.735296
abb5139f-2438-49ad-8dd2-32d453ef4778,64ff8118-d62e-408c-94a9-2cb4bc4e2b70,mailchimp,CMP_PAST_O_M_2026,/home,True,,2024-12-13 19:49:48.735296
b02f9074-d5ba-4f7d-9443-e0b69f53d619,fd423470-313d-4351-b8d4-67d85e12ffbd,mailchimp,CMP_PAST_OIL_GAS_US,/home,True,,2026-03-11 16:49:48.735296
159fcae2-5a0f-4575-b0b8-a2e7645a015e,9be854f6-89bc-4d2a-8627-5b30b63aba00,mailchimp,CMP_PAST_O_M_2026,/home,True,,2025-02-09 05:49:48.735296
958c0b53-dc0e-4134-a82d-d0204e22982a,ad043c8b-c5e6-485c-ad41-b0b31fef4018,mailchimp,CMP_LIVE_GASTECH_2026,/home,True,,2026-08-08 18:49:48.735296
9a08f899-82a5-4551-9e45-99f5e1069354,e29f55e0-d70c-456b-9720-78efd8276717,mailchimp,CMP_PAST_O_M_2026,/home,True,,2026-08-31 00:49:48.735296
94e3f45b-9136-40d9-a8ec-fe19805e7fb0,3f2ff4fb-937d-4b12-8621-d7a3a90305af,mailchimp,CMP_LIVE_OTC_2026,/home,True,,2026-08-08 20:49:48.735296
57acbfc5-e0e7-42c2-8201-3d575305554d,78d69c60-0495-4e00-93e2-71244a4bca32,mailchimp,CMP_LIVE_GASTECH_2026,/home,True,,2026-08-12 10:49:48.735296
cc70c685-4dff-4499-8fde-40a44e6bbaa4,ded98354-8136-4f07-88cc-80e29f72dab9,mailchimp,CMP_LIVE_OTC_2026,/home,True,,2026-08-26 06:49:48.735296
c16f568b-5d4c-4e2d-a116-239236c2dd71,d8de0e85-8244-4624-aee2-f5644b83b82c,mailchimp,CMP_PAST_MIDDLE_EAST,/home,True,,2025-08-27 12:49:48.735296
412c76e3-546f-4513-bf20-bfb77bb09ea3,07959696-53a2-4c3e-8943-b430808b7ac7,linkedin,CMP_PAST_OIL_GAS_US,/whitepaper-download,False,238.0,2026-02-10 07:49:40.735296
53f07f7f-4a24-45b0-851f-9d03ad074e09,7898b3c2-dd27-4768-b101-91237ff55d73,mailchimp,CMP_LIVE_GASTECH_2026,/home,True,,2026-08-16 13:49:48.735296
661e747b-7745-49da-b912-ac94e5e6d847,c50b909d-3783-4ea7-a193-53f02c88f50c,mailchimp,CMP_LIVE_GASTECH_2026,/home,True,,2026-09-02 17:49:48.735296
e057bfc2-99ba-43d9-a9a7-bd74fcc61e93,1c5cc50d-dcbe-40ca-a068-6a762141dd6c,mailchimp,CMP_PAST_OIL_GAS_US,/home,True,,2025-11-17 22:49:48.735296
e2bcffea-523f-472e-9aa1-2d9a400c7594,b3e58eff-dec1-4ac7-9344-9d918f330783,mailchimp,CMP_PAST_OIL_GAS_US,/home,True,,2025-12-11 16:49:48.735296
ae63e226-26bb-41e7-a05b-67ec2e8c5147,bc42c447-fb07-40f7-ae8c-c6d97d4433f7,mailchimp,CMP_LIVE_OTC_2026,/home,True,,2026-08-11 08:49:48.735296
2c5e595e-2576-4653-9519-ef0db368cb92,068d0087-a575-4ccb-81d3-bef79ad50724,mailchimp,CMP_LIVE_OTC_2026,/home,True,,2026-08-04 14:49:48.735296
fb67123f-154c-4298-a0b3-ccf79f076326,be528b86-5d31-444e-86b5-d1d660190acc,mailchimp,CMP_LIVE_GASTECH_2026,/home,True,,2026-08-30 01:49:48.735296
4157e020-a215-41e1-9247-0f03132cf734,26f9e7fe-0c66-46cc-a2c0-32882d5a3093,mailchimp,CMP_LIVE_OTC_2026,/home,True,,2026-07-19 13:49:48.735296
c89800b8-9f76-4bce-9d4b-174cce41927d,b97ece3c-ea97-4868-addf-29c387500fda,mailchimp,CMP_LIVE_OTC_2026,/home,True,,2026-08-26 09:49:48.735296
d841540c-21ab-435a-81e7-f3151f5cdbed,b2a30b18-9253-4020-8df3-a0c0698a0646,linkedin,CMP_PAST_OIL_GAS_US,/whitepaper-download,False,254.0,2026-01-24 18:49:40.735296
c2d58052-6978-4dc1-8d48-ee5984b9715c,acd619f9-007a-4c28-83b2-f171b4660558,mailchimp,CMP_LIVE_GASTECH_2026,/home,True,,2026-08-22 13:49:48.735296
95b3fc18-2789-4569-ac84-c8accdeefbcc,7b832bd4-d26e-405f-8d38-3526125ca160,linkedin,CMP_PAST_MIDDLE_EAST,/whitepaper-download,False,256.0,2025-09-02 10:49:40.735296
cd597913-ece7-493a-b659-82ac6ab89712,12b57cb2-7679-491e-97ea-6ce4905e45c2,mailchimp,CMP_LIVE_GASTECH_2026,/home,True,,2026-08-12 04:49:48.735296
d6f6aaf6-77e3-410e-ae69-466fedfc4b4b,e4516818-6639-4d78-b020-d9efdea11977,mailchimp,CMP_PAST_OIL_GAS_US,/home,True,,2026-02-05 15:49:48.735296
c530b268-1be0-42ae-b0fe-b363bfcb8299,01ca6dff-3624-4b2b-841b-a36de84057a3,mailchimp,CMP_LIVE_OTC_2026,/home,True,,2026-09-02 18:49:48.735296
0b6effb1-c9d4-4dde-a8ac-1dd2ce4aa4d0,19f89099-88cc-4862-9d60-3ee01caf1af2,mailchimp,CMP_LIVE_OTC_2026,/home,True,,2026-07-08 16:49:48.735296
85fe216d-6841-4107-b3db-cc77842aac37,f7928514-3478-484e-9ad5-78195817147b,mailchimp,CMP_PAST_O_M_2026,/home,True,,2025-01-27 05:49:48.735296
f55bded7-0c84-490a-849c-97bcf60af0c0,0546a1cf-232f-4b90-9b49-865c87f6e6b8,mailchimp,CMP_LIVE_GASTECH_2026,/home,True,,2026-08-11 06:49:48.735296
00f1414d-5b75-424e-9edf-fba08f70310a,d77a818b-da4c-4ae0-94b5-fb3a7a5061c7,mailchimp,CMP_PAST_MIDDLE_EAST,/home,True,,2025-10-28 04:49:48.735296
09463e73-adbf-477a-abbe-d3096346f286,65b25a22-a12c-4f0d-a029-9308f642154c,mailchimp,CMP_LIVE_GASTECH_2026,/home,True,,2026-08-07 07:49:48.735296
5496d26b-8dc6-4fc7-b10a-e95e49769484,2dcac7a6-c988-46a1-955f-a9910de86605,linkedin,CMP_LIVE_OTC_2026,/whitepaper-download,False,266.0,2026-07-06 03:49:40.735296
d11f92cd-0467-4c3e-8693-7ba7ad63b5e7,fac5c5ad-93d5-4dde-a8ec-f78faa64c43b,mailchimp,CMP_LIVE_GASTECH_2026,/home,True,,2026-08-15 22:49:48.735296
03188e3f-1574-4914-ac0d-b70afa85c5a0,3efab6f3-f2bb-4478-a829-87c5e0b24840,mailchimp,CMP_LIVE_GASTECH_2026,/home,True,,2026-09-01 10:49:48.735296
728b889a-fa8c-494c-8b75-cb3a54c683a3,657cd672-e19d-4e5a-9da3-1aacaf52eb9a,mailchimp,CMP_PAST_OIL_GAS_US,/home,True,,2025-12-13 02:49:48.735296
cd10d5ec-c871-414a-91c8-8cd1204cbad0,e15f2859-865a-4f18-8049-bac56ef2f255,mailchimp,CMP_LIVE_OTC_2026,/home,True,,2026-07-13 19:49:48.735296
c1cd809f-22c5-46b3-bb4f-20407f47bb85,7bb1c240-d78c-4d0b-80ee-71643f182bcb,mailchimp,CMP_LIVE_GASTECH_2026,/home,True,,2026-08-31 12:49:48.735296
ab67b7ce-4939-460e-8478-b33b9bb88b53,22c3d97b-688e-41da-b332-a43b4a9c6c7f,mailchimp,CMP_LIVE_OTC_2026,/home,True,,2026-07-16 09:49:48.735296
aeced591-9536-42ee-8fa2-fdbf3f40cf93,7de7b379-7606-40d0-b798-e291bd810787,mailchimp,CMP_PAST_OIL_GAS_US,/home,True,,2026-04-02 14:49:48.735296
565fb43c-dfed-45e5-bdca-acd08c6210d1,123dc326-8daf-45c8-ab72-cb5f72aa6e80,mailchimp,CMP_LIVE_GASTECH_2026,/home,True,,2026-08-07 06:49:48.735296
325a8950-bb97-4490-a663-ab219e867043,037e797d-fa98-4f58-b2b8-e1148d045f63,mailchimp,CMP_PAST_MIDDLE_EAST,/home,True,,2025-09-25 05:49:48.735296
6f377ca8-5176-4226-a76a-f27b0f9e0028,304911c0-f9bc-4225-b4d5-aa3b5d991c50,mailchimp,CMP_LIVE_GASTECH_2026,/home,True,,2026-08-17 01:49:48.735296
59cc5262-3a0b-4946-b3c4-81211a91de3d,0693bd42-9fd7-459e-a16e-3a8031a36bc2,mailchimp,CMP_LIVE_OTC_2026,/home,True,,2026-07-23 09:49:48.735296
1d577991-e067-4059-9644-8ec3a4aae2f7,663c3657-38f1-419a-8f82-fb0ab541857a,mailchimp,CMP_LIVE_OTC_2026,/home,True,,2026-07-12 11:49:48.735296
fb889340-255b-47f3-b78b-0514bfe4b200,37a69568-42d9-4615-a291-db80e35a1641,mailchimp,CMP_LIVE_GASTECH_2026,/home,True,,2026-09-02 14:49:48.735296
60ab6ac5-a8e7-474d-b1ce-663c833eeb78,8cda3354-67de-4c3e-8170-60f286aade6e,mailchimp,CMP_PAST_OIL_GAS_US,/home,True,,2026-01-12 21:49:48.735296
5fe58ce3-c8cb-41fd-8019-238945e6c6a1,e0d270fe-b25a-487d-8dfd-b65de525ff45,linkedin,CMP_PAST_MIDDLE_EAST,/whitepaper-download,False,282.0,2025-08-18 15:49:40.735296
0b2b1e3c-917e-4292-aab6-1f8a45188c13,f1c79cb0-8c74-4c41-83c8-3babbe1070df,mailchimp,CMP_LIVE_OTC_2026,/home,True,,2026-07-18 18:49:48.735296
54546cf4-b8c7-4e6a-bd0e-aad111b0fac1,c6970d45-a4df-48b9-ae2b-20c75b8a0e47,mailchimp,CMP_LIVE_GASTECH_2026,/home,True,,2026-08-23 21:49:48.735296
8d996848-360f-444b-904a-b6e3b10a8511,fc6d4edb-e0dc-40d2-b7f5-2ec6ecce5008,mailchimp,CMP_LIVE_OTC_2026,/home,True,,2026-09-03 08:49:48.735296
4a5e4bb8-8208-4b42-9083-1fa18d1ada67,aff66507-3ce4-4d23-9463-66ca2b0ffb4d,mailchimp,CMP_LIVE_GASTECH_2026,/home,True,,2026-08-09 15:49:48.735296
a3df1707-43fb-4184-a366-5901e993251f,f5e95c3f-4b43-4414-92d2-fae513e8e760,mailchimp,CMP_LIVE_OTC_2026,/home,True,,2026-08-28 14:49:48.735296
7b348dfb-0bbd-40a2-bc3d-17fa7dcdd4f1,d6e47789-0742-4a93-9959-1cc2eab07dde,mailchimp,CMP_LIVE_OTC_2026,/home,True,,2026-07-09 03:49:48.735296
a28a69b5-0f72-41e9-85db-7b8c7e6a4889,705ee380-eb3e-44bc-bf5b-0dbb6c0039e6,mailchimp,CMP_LIVE_GASTECH_2026,/home,True,,2026-08-25 07:49:48.735296
9d55cc7d-e6cf-4235-bb5d-6914e8468ade,186e492e-744d-4ac4-9e78-8ce656aa0d2c,mailchimp,CMP_PAST_OIL_GAS_US,/home,True,,2025-12-19 14:49:48.735296
818d4d42-5774-4a36-8e3e-542b147af680,ab4c11be-9c4a-43fe-a877-4e145aeec40e,mailchimp,CMP_LIVE_GASTECH_2026,/home,True,,2026-09-03 10:49:48.735296
bb4aa514-3d5e-498b-b93c-7f787de9c0fd,c5dc1eab-2cd1-404e-be5d-84b3038b223d,mailchimp,CMP_PAST_OIL_GAS_US,/home,True,,2025-12-02 19:49:48.735296
9d70ae04-81fe-40b4-a6aa-2f22e9f62485,1227ad2c-7c34-41a7-816b-b1828fd776d6,mailchimp,CMP_LIVE_GASTECH_2026,/home,True,,2026-08-22 05:49:48.735296
f9021196-6998-442d-aa4c-bc4c1d2564f8,2a5bc6ce-db2d-46da-82b5-c1d92ad25418,mailchimp,CMP_LIVE_OTC_2026,/home,True,,2026-08-06 02:49:48.735296
b88e3f47-4e42-40f3-804c-467764954af8,e6c19f2a-79ee-4ac7-b636-2d806a27f1e0,mailchimp,CMP_LIVE_OTC_2026,/home,True,,2026-07-17 02:49:48.735296
61e4b4b2-1f51-4f28-b4fd-5b35bd8c829e,ffc4db68-c1cb-47be-be3a-fa67084194ad,mailchimp,CMP_LIVE_GASTECH_2026,/home,True,,2026-08-21 12:49:48.735296
87001472-b62c-4d72-a1c8-8f71b25bc68c,f9de5c00-4389-4305-91b9-2bcbd4d23de0,linkedin,CMP_PAST_OIL_GAS_US,/whitepaper-download,False,301.0,2026-01-29 05:49:40.735296
7810343c-d3ac-4c5a-8f71-b6ef265d2850,9deda0f7-87b9-48fd-a11c-4fb9d877933f,mailchimp,CMP_LIVE_GASTECH_2026,/home,True,,2026-08-08 06:49:48.735296
5e0f739b-4c30-4f8c-af91-07f103423781,2a047dd9-9b9a-4e87-8ec9-626a463517e3,mailchimp,CMP_LIVE_GASTECH_2026,/home,True,,2026-08-26 19:49:48.735296
edec5d12-63fc-44d9-a187-02c543593546,8da7b224-2735-4ffc-b8d9-ad472a87490f,mailchimp,CMP_PAST_OIL_GAS_US,/home,True,,2026-04-05 09:49:48.735296
cbe0c98f-3bf0-441f-927c-5c21a74384bb,9ed0d97f-5011-4e21-b2ea-97f144e6e221,mailchimp,CMP_PAST_OIL_GAS_US,/home,True,,2026-01-14 08:49:48.735296
c65934a1-949f-42e6-8ceb-1ca0a132278d,2aab99b2-43f4-44b1-bd8d-faaacaad105e,mailchimp,CMP_PAST_OIL_GAS_US,/home,True,,2026-03-05 17:49:48.735296
f00b0564-a807-48ec-b2ef-0cffcc9c3537,98edf970-f9e7-48f2-b16a-e6a29b04eae0,mailchimp,CMP_LIVE_GASTECH_2026,/home,True,,2026-08-25 03:49:48.735296
b7056c50-ccc5-4657-bc1d-ada68aae26c9,09959487-a382-499e-a2a6-3bf929bd5c57,linkedin,CMP_LIVE_OTC_2026,/whitepaper-download,False,318.0,2026-07-25 15:49:40.735296
927f48b2-8f5f-4b01-8120-6e9f155d4b44,1a4931e2-4ae7-418c-a91d-2f0ca9705fac,mailchimp,CMP_PAST_OIL_GAS_US,/home,True,,2025-12-03 14:49:48.735296
4d5cb237-c4a2-43f9-80b3-10a005d86696,9dbe73a0-007a-4fbb-a930-d25015015c49,linkedin,CMP_LIVE_GASTECH_2026,/whitepaper-download,False,319.0,2026-08-19 04:49:40.735296
86fb4656-448d-43a7-8071-64b1bd742e1c,c31cc8b1-2cdc-4767-b1f6-f3cfb728163c,mailchimp,CMP_LIVE_OTC_2026,/home,True,,2026-07-09 05:49:48.735296
d8805765-a1e6-4f2c-b92c-ec9e754a9d0d,b257e9bc-3bc1-48c1-849a-333a86cb008d,mailchimp,CMP_PAST_OIL_GAS_US,/home,True,,2026-01-19 11:49:48.735296
45010063-2f96-46aa-bff4-a1f62d88f443,0afe96f9-c159-4d0f-89c5-545d451776ac,mailchimp,CMP_LIVE_GASTECH_2026,/home,True,,2026-08-13 12:49:48.735296
1b7b66f0-4a3f-49e1-b73c-4d77d830ee58,c4eba5a3-0a51-48b7-88f5-9f81e3c54428,mailchimp,CMP_PAST_OIL_GAS_US,/home,True,,2025-12-25 16:49:48.735296
790fcbbc-07ae-42bd-b844-6abfa1c3af9b,e4108f15-ac6a-43ab-b2a2-1856f37c4ddb,mailchimp,CMP_PAST_O_M_2026,/home,True,,2024-08-07 11:49:48.735296
a78c666d-a7c7-4aaa-b439-5465541632fe,aa413988-c75f-4635-82f1-073600ec6845,linkedin,CMP_PAST_OIL_GAS_US,/whitepaper-download,False,322.0,2025-11-21 21:49:40.735296
9c35ae24-7ef2-4909-815f-3cf5e3f70879,82493b89-329e-4afc-9a78-0c4e3b304e31,linkedin,CMP_LIVE_GASTECH_2026,/whitepaper-download,False,326.0,2026-08-27 16:49:40.735296
1c8accfa-b9aa-49dd-8c55-9b18e8fab14f,0e0f9e15-684c-4203-aadd-2dd857a52b0e,mailchimp,CMP_PAST_OIL_GAS_US,/home,True,,2025-12-18 17:49:48.735296
4c6358fe-7e06-4eeb-8c2b-6e9792e87d8b,d27113b3-f0bf-4702-a2e6-9029ab3dc186,mailchimp,CMP_PAST_OIL_GAS_US,/home,True,,2026-01-02 06:49:48.735296
4be589a2-f52e-4e72-807b-a9ebe5a7609c,ca33cc6e-8e8f-47ea-9662-8078b4c4619d,mailchimp,CMP_PAST_O_M_2026,/home,True,,2025-03-23 11:49:48.735296
39f6877d-66b2-4a12-bcfc-8bed0fd3267e,f4ad1fd8-3d76-421b-ba55-61ac84e5733c,linkedin,CMP_LIVE_GASTECH_2026,/whitepaper-download,False,334.0,2026-08-14 06:49:40.735296
cc9508ca-6b35-4432-9ddf-6177890b67c7,60c35a30-85c4-474e-b144-fb756d0e1e8a,mailchimp,CMP_LIVE_GASTECH_2026,/home,True,,2026-08-19 06:49:48.735296
88c78022-0fd0-4959-810e-00bcd839b840,990861d9-32a7-441a-9fb5-f486c2d5b619,mailchimp,CMP_PAST_MIDDLE_EAST,/home,True,,2025-06-15 02:49:48.735296
ec612344-34cd-4537-9e64-c83ff39fec6c,55b0e4a2-cb39-4c0e-a504-35fda79845d0,mailchimp,CMP_PAST_O_M_2026,/home,True,,2024-12-30 16:49:48.735296
484309d3-e09a-469d-989c-0b9b971cdbba,d24e8836-e335-434e-991c-9e367423a485,mailchimp,CMP_PAST_OIL_GAS_US,/home,True,,2026-03-08 04:49:48.735296
3588159d-d586-44b3-bdea-8bb2dc84ea76,78870cc9-008c-437e-b317-7509e036b1db,mailchimp,CMP_PAST_OIL_GAS_US,/home,True,,2026-01-22 19:49:48.735296
c705b73e-5d79-4bf0-b038-246ff8c07d61,b44f8ab4-5269-4358-9eed-708768aa9aaf,mailchimp,CMP_PAST_MIDDLE_EAST,/home,True,,2025-05-21 15:49:48.735296
3a22e597-1300-4d01-83f7-99d2aa52dc18,a8180487-cef5-4744-beb3-471a3f0ed5a3,mailchimp,CMP_LIVE_GASTECH_2026,/home,True,,2026-08-24 19:49:48.735296
f1790dca-d4d0-4cc9-a45b-1751956d3336,946ab6e5-ac11-4a2b-b586-b29d522e1877,mailchimp,CMP_LIVE_OTC_2026,/home,True,,2026-07-18 08:49:48.735296
68c77872-4419-4ad8-9367-d6b99837aa8c,7a16c7bf-6302-47bf-923a-db4753a82c56,mailchimp,CMP_PAST_O_M_2026,/home,True,,2026-08-23 00:49:48.735296
ae48621d-3229-45d5-8460-00c30633c92a,0aaa8b18-245c-495f-be6c-76c05f75b3ba,mailchimp,CMP_LIVE_GASTECH_2026,/home,True,,2026-08-25 23:49:48.735296
09ee4c61-fd6d-41fc-a846-a72c742cdeb1,8745fed0-8372-493c-ab2a-836408f7e3a7,linkedin,CMP_LIVE_OTC_2026,/whitepaper-download,False,354.0,2026-07-11 08:49:40.735296
0f6ea792-d3fc-462b-98fe-9423e7353e74,0ee22f6c-4419-4917-b6a6-c493495dcc46,mailchimp,CMP_LIVE_GASTECH_2026,/home,True,,2026-08-24 20:49:48.735296
245b5d66-d213-404e-a859-84e4f34f270b,83a889ce-0940-4bfe-9edc-71a212333f3a,linkedin,CMP_PAST_MIDDLE_EAST,/whitepaper-download,False,359.0,2026-08-25 23:49:40.735296
7fb5fba8-c078-4cf4-9267-fc1458cec37f,879ca406-3b39-4ac2-878a-c249a241cbb5,linkedin,CMP_LIVE_OTC_2026,/whitepaper-download,False,362.0,2026-07-17 22:49:40.735296
9d508d4a-3dcf-4fc4-8b9f-43873e384973,dc2e8ff4-9771-4f99-8022-78bf7b772d02,mailchimp,CMP_PAST_MIDDLE_EAST,/home,True,,2025-06-06 14:49:48.735296
5a7faef9-9564-40a8-8e6b-67366cc25db2,9eb318c4-92d2-476c-b224-466b2a9dc765,linkedin,CMP_LIVE_GASTECH_2026,/whitepaper-download,False,363.0,2026-08-07 19:49:40.735296
5c3f25d5-bf95-439f-b454-7b306af0fa31,42c713e8-dcda-438a-b9cf-b5f5bb0140df,linkedin,CMP_PAST_MIDDLE_EAST,/whitepaper-download,False,364.0,2025-10-03 13:49:40.735296
f8fb13cc-6e68-4a4f-b299-5325f7a4c280,edb5788a-c627-47e1-b398-443acc74222b,mailchimp,CMP_PAST_OIL_GAS_US,/home,True,,2026-08-28 00:49:48.735296
30252163-82d1-45df-9a80-751d5d7558c9,348394bb-d6dc-42f7-bf05-d73c2ab68d7a,mailchimp,CMP_PAST_MIDDLE_EAST,/home,True,,2025-09-05 10:49:48.735296
0a411c2b-4f46-4adb-9e6d-5392ca55cee8,d97622a4-2e37-4114-9d43-0c8be06526a1,mailchimp,CMP_LIVE_GASTECH_2026,/home,True,,2026-08-14 09:49:48.735296
a954740c-f168-46e6-855b-3c3b1d6dc928,4e1a78b3-dd05-4bf0-aab7-2aabc59b8dfb,linkedin,CMP_PAST_OIL_GAS_US,/whitepaper-download,False,368.0,2025-12-19 11:49:40.735296
d39bac8a-1f89-4f26-97c6-3896c63830c3,cc555f71-a15b-4d08-bb9b-15b417f25f5e,mailchimp,CMP_LIVE_GASTECH_2026,/home,True,,2026-08-23 15:49:48.735296
c184dc0c-97e3-43d8-80b6-6fec331c7332,2e2fd849-bad2-46f2-94df-43ec826efdf0,mailchimp,CMP_PAST_OIL_GAS_US,/home,True,,2026-03-27 19:49:48.735296
affe62f2-89e2-4d14-a647-ff5ba4d9e0bd,317c74ab-c8fc-49b3-a46a-e8c763b39b17,linkedin,CMP_LIVE_GASTECH_2026,/whitepaper-download,False,374.0,2026-08-20 15:49:40.735296
51894745-618e-4e4d-b6fc-a3556098293b,be755b6a-100e-49b3-82e3-f6146d9213a3,mailchimp,CMP_PAST_O_M_2026,/home,True,,2024-09-09 11:49:48.735296
c3697017-c306-4928-9adb-368a808b3b15,f65c1ad4-e700-4aa8-aa96-7303cff8f749,mailchimp,CMP_LIVE_GASTECH_2026,/home,True,,2026-08-26 10:49:48.735296
17753b51-afa1-4fc4-b128-196dd1e73610,5dad001c-56db-4b17-a38f-2dc45b7b350a,mailchimp,CMP_LIVE_GASTECH_2026,/home,True,,2026-08-16 11:49:48.735296
0ef02316-0245-460b-9c62-933b5d22945f,9cc198ad-7a85-4bfc-afac-411bc306a816,mailchimp,CMP_PAST_MIDDLE_EAST,/home,True,,2025-07-11 01:49:48.735296
10c82fd9-8fb9-4b1d-8c39-043852355d63,6951d9e5-dcba-43a9-b7b8-52f54ea5b8de,mailchimp,CMP_LIVE_GASTECH_2026,/home,True,,2026-08-16 14:49:48.735296
a8b62aa4-e2c5-4c06-8723-53925cfc9abc,a8efd9b6-4214-4fdf-96af-1c6239ea1138,mailchimp,CMP_LIVE_OTC_2026,/home,True,,2026-08-28 16:49:48.735296
8e5a1212-57a9-4e9e-938e-87ae63f06a7e,47ac2b05-7796-4e39-9d50-1a30d80ddd37,mailchimp,CMP_PAST_OIL_GAS_US,/home,True,,2025-11-30 13:49:48.735296
42ca04c5-ce83-46a2-85aa-4b64bbbce5d3,c9ed2687-1b93-4d82-a258-42849f36f6fb,mailchimp,CMP_PAST_OIL_GAS_US,/home,True,,2025-11-23 03:49:48.735296
5c796371-03db-4b56-b0a8-e8dc05bed3f8,5f4c4c23-4c61-421c-bd06-faa8ae3c5a84,mailchimp,CMP_PAST_OIL_GAS_US,/home,True,,2025-11-19 03:49:48.735296
e94e9db4-0e75-49dc-95ed-255190bf9c35,26ff3133-414c-489f-a193-f8afe9e9c2b8,mailchimp,CMP_PAST_OIL_GAS_US,/home,True,,2025-11-09 08:49:48.735296
f38dda38-e8a6-4a52-b43c-ae691944bd1d,858d71cc-a469-463e-afcd-601cc17c2918,mailchimp,CMP_LIVE_GASTECH_2026,/home,True,,2026-08-24 22:49:48.735296
6d4ba549-5c69-4a69-9e83-d59c28d94c3d,98d5caf1-4a6a-4dd5-bd97-f629c2194b87,linkedin,CMP_LIVE_OTC_2026,/whitepaper-download,False,390.0,2026-08-09 20:49:40.735296
48b09fc1-64e1-42f4-8370-f0b54e9b17a4,2e263531-04ce-4cae-b6f0-12608f46948d,linkedin,CMP_PAST_O_M_2026,/whitepaper-download,False,390.0,2025-03-12 21:49:40.735296
e4c72a3a-21ae-43c7-af52-d09e6096da84,c4ce6d82-035c-475f-973b-3020a4173f75,mailchimp,CMP_PAST_MIDDLE_EAST,/home,True,,2025-06-29 07:49:48.735296
056207a6-f975-452c-8e8d-2bf5b4cab0d3,577ae59a-2f5c-4cb8-9b2d-8ba59a6b8f26,mailchimp,CMP_LIVE_GASTECH_2026,/home,True,,2026-08-24 05:49:48.735296
43cbe309-2e30-4b30-a508-a0cdd1bad451,d5103db7-fe30-4b74-bccf-d63117057b9f,mailchimp,CMP_PAST_MIDDLE_EAST,/home,True,,2025-09-02 10:49:48.735296
2d196e94-4635-4fda-9162-c6bd04ef5574,396d0ec7-ad93-4643-af28-41b111fc732b,mailchimp,CMP_LIVE_OTC_2026,/home,True,,2026-07-16 13:49:48.735296
b23726ed-293f-4399-b318-821d960c991f,6bca90c2-557c-4cdc-bcf5-ee35c35a966f,linkedin,CMP_PAST_OIL_GAS_US,/whitepaper-download,False,400.0,2026-08-30 21:49:40.735296
59feb9b3-2c46-400a-8e0d-fe46ae78cb12,4658be69-c842-4c98-a980-ce094d5ff1c6,mailchimp,CMP_LIVE_GASTECH_2026,/home,True,,2026-08-16 12:49:48.735296
6f9bdae3-e3e4-4389-a2b8-d7910aaa6b2e,69c36e95-9a50-449c-a12b-102f6c5a306f,mailchimp,CMP_LIVE_OTC_2026,/home,True,,2026-08-01 02:49:48.735296
51111bb0-7369-44ae-b5eb-fde4c9efed1c,fc15b157-2963-4660-8bb2-bcdb85844298,mailchimp,CMP_PAST_OIL_GAS_US,/home,True,,2025-12-30 22:49:48.735296
df685b33-539a-4b3e-b9e5-b0e2f99dae04,8ea88f44-d749-45be-81b2-87a30c217ba5,mailchimp,CMP_LIVE_GASTECH_2026,/home,True,,2026-08-26 09:49:48.735296
e3a723fc-81b6-4534-81fd-2199fd8ff94c,7826f4df-a09a-4f5b-91ac-6655416a01f1,mailchimp,CMP_PAST_O_M_2026,/home,True,,2024-08-21 20:49:48.735296
e6f42881-921d-4612-81f3-65600cfb04d7,4fc63696-e08c-473d-9185-315a82d07b93,mailchimp,CMP_LIVE_GASTECH_2026,/home,True,,2026-08-12 21:49:48.735296
28ae5dd0-86ea-43bf-9336-39b2616427c4,6e2e0ea5-d111-446d-9de2-b0cb37a61bc1,mailchimp,CMP_LIVE_OTC_2026,/home,True,,2026-08-18 19:49:48.735296
c3026a4a-69ad-45cd-a9e3-6b5b1161a0fe,617ab757-e294-4d2c-8c40-de96ba2f3dd0,mailchimp,CMP_PAST_OIL_GAS_US,/home,True,,2025-11-24 14:49:48.735296
f5e81598-8ddc-4f6d-903c-7e5e8a7c44ab,7ebafa93-01ae-4a41-8bb9-885747a4a4f0,mailchimp,CMP_PAST_O_M_2026,/home,True,,2024-10-05 07:49:48.735296
f094c632-4a4f-45a7-a8c3-40fd19ea3bd6,9fdb0938-116d-47f6-b86c-4c84719c02d7,linkedin,CMP_PAST_OIL_GAS_US,/whitepaper-download,False,415.0,2026-02-23 16:49:40.735296
54526156-932e-4ff9-9b75-0d15f15b75ce,01ef2fd8-9635-4309-8b56-14bfe73b0f62,mailchimp,CMP_PAST_O_M_2026,/home,True,,2024-07-29 12:49:48.735296
8bee6711-07a4-47a3-b7bb-43f8bfecf768,19786a30-74d0-4f02-bc6e-c1aea39e35b2,mailchimp,CMP_PAST_MIDDLE_EAST,/home,True,,2025-08-25 21:49:48.735296
2c742883-8ed1-4764-a364-658222f70aea,d303d350-d46a-4e0a-aea1-b9f3ccc90134,mailchimp,CMP_PAST_OIL_GAS_US,/home,True,,2025-11-22 16:49:48.735296
87746e96-e4e9-42c9-adb1-49892487da81,39ba4f9e-8d29-422e-8a6a-a18941cc4ef5,mailchimp,CMP_LIVE_GASTECH_2026,/home,True,,2026-08-19 10:49:48.735296
c8c58c36-946e-4bbf-8c7c-a65633f4d6fb,9f3e189b-d2ed-42a6-97c8-2db4beec7630,mailchimp,CMP_PAST_MIDDLE_EAST,/home,True,,2025-08-03 16:49:48.735296
4a9eba47-c19c-4e17-bd09-466c7940b9c7,4efc8cc8-7ddd-4fba-8f70-df408d456d7d,mailchimp,CMP_LIVE_GASTECH_2026,/home,True,,2026-08-10 02:49:48.735296
05810e08-5ee2-4e34-b03c-56629c4de214,1942dbdd-b0cf-47bb-930f-0409a8c3e5a5,mailchimp,CMP_PAST_MIDDLE_EAST,/home,True,,2025-08-21 06:49:48.735296
46a0b155-e9e3-4ee1-ba17-0fb96bf05692,1a20e49d-fbdd-4fe7-885c-d54d687720d7,mailchimp,CMP_LIVE_GASTECH_2026,/home,True,,2026-08-25 22:49:48.735296
814dc1b7-2539-44bc-b55e-9a8e4fcbb53c,433756d1-32b2-455f-948d-8bb33ada14fe,mailchimp,CMP_PAST_OIL_GAS_US,/home,True,,2026-01-05 17:49:48.735296
aa7d961f-2964-44c0-8c45-486b757a4f89,ba63eeea-fa2e-4e5f-af48-a75b9a3127e5,mailchimp,CMP_LIVE_OTC_2026,/home,True,,2026-08-22 23:49:48.735296
3c58a262-71b9-4cae-abc1-4cfad64cf175,a4f18fa7-48ed-41f1-a4ab-2d1cf1c83309,mailchimp,CMP_PAST_MIDDLE_EAST,/home,True,,2025-06-20 11:49:48.735296
95a5abf1-0009-438e-8909-a82002d852e6,380bc749-62df-420f-a2ef-1443a7e94fe4,mailchimp,CMP_LIVE_GASTECH_2026,/home,True,,2026-08-14 06:49:48.735296
05e8f881-8fd0-46ca-98a2-665c4afcda03,3dd912e3-6ddf-498b-a622-0bf42832583d,mailchimp,CMP_PAST_MIDDLE_EAST,/home,True,,2025-06-05 18:49:48.735296
3fc0063e-ce1a-4c1c-b264-2fb945d61bf6,1225f39d-3ffa-4883-a5ec-7b14840fb717,mailchimp,CMP_LIVE_GASTECH_2026,/home,True,,2026-08-28 00:49:48.735296
66ae7ae4-354f-407c-9fc5-1851bcc2663f,6bbffeee-fd1d-473b-8eab-9b11d171fffa,mailchimp,CMP_PAST_O_M_2026,/home,True,,2024-09-21 17:49:48.735296
4f05c22e-5a73-4e0e-b151-b81af7527563,8cbbe52b-1e0c-400f-a995-9dff2fb509fe,mailchimp,CMP_PAST_MIDDLE_EAST,/home,True,,2025-07-29 00:49:48.735296
a97f88ec-8ed9-411a-b8c7-d1d3c04e338e,a44e40ed-3d8d-40c8-ac84-8b561d7c666c,linkedin,CMP_PAST_OIL_GAS_US,/whitepaper-download,False,437.0,2026-01-24 21:49:40.735296
00703663-9bb6-403d-8d8a-a9b4edbc190d,c8b6775f-02c2-4a49-8e32-e488e31a8003,mailchimp,CMP_LIVE_GASTECH_2026,/home,True,,2026-08-15 22:49:48.735296
9c9ab77e-efc2-46dd-919e-0025aa663d8c,a1ddeb89-df0a-4192-9227-77bfd692a782,mailchimp,CMP_LIVE_OTC_2026,/home,True,,2026-08-12 12:49:48.735296
4e9b88ea-5f5d-4e67-8590-a85420033a6f,1679a438-9f06-4b77-91bc-6ec2c7d4b078,mailchimp,CMP_PAST_MIDDLE_EAST,/home,True,,2025-09-13 17:49:48.735296
53385c06-d5b5-4115-90f2-63f7be587a7d,f2aba6a8-2354-4482-aa2d-157360e676e2,mailchimp,CMP_PAST_OIL_GAS_US,/home,True,,2025-12-31 15:49:48.735296
a25ff50c-3802-4df8-92cb-8697c15e51a8,bad7de21-35af-4ccd-b79e-834da8da2d61,mailchimp,CMP_PAST_MIDDLE_EAST,/home,True,,2025-07-31 12:49:48.735296
e05a525e-c8ad-4238-a9ad-c0ce031766f1,8408f47f-bcf3-4929-9153-f71036684b55,mailchimp,CMP_PAST_O_M_2026,/home,True,,2024-07-28 09:49:48.735296
fef2096c-8256-4b5a-9d0f-e3e2b46cdab4,8c84b902-2a05-459a-ab4d-09c43b54979b,mailchimp,CMP_PAST_OIL_GAS_US,/home,True,,2026-01-04 05:49:48.735296
016509d1-68a9-4ae0-afa5-540248be66fc,7fe5b3da-82a4-45ce-b1cd-5fca69d21c13,mailchimp,CMP_LIVE_OTC_2026,/home,True,,2026-07-22 05:49:48.735296
863cad80-9f98-4e59-96cb-9f2b57d058a6,2f45748f-d796-4833-b833-50b89c0e0e00,mailchimp,CMP_LIVE_OTC_2026,/home,True,,2026-07-21 13:49:48.735296
e29c3252-9bdd-4b48-809f-e16394a03f84,9d6f478d-b781-469d-a529-f19ee357f6fd,mailchimp,CMP_PAST_MIDDLE_EAST,/home,True,,2025-05-26 04:49:48.735296
5e20a113-eb5e-4f3c-b9ba-c4fc9feb2171,5fbdfbf2-2ac4-4d6a-a7df-8128339917ac,mailchimp,CMP_PAST_O_M_2026,/home,True,,2024-07-25 07:49:48.735296
2e8ae06a-388e-40a1-bec9-875c9dfed10a,91aeaa75-8465-40ee-b169-cba3a10f5551,mailchimp,CMP_LIVE_GASTECH_2026,/home,True,,2026-08-29 16:49:48.735296
a2fda82c-5a5a-407d-97ec-80ea9f71435a,93ffbf87-fb47-4f5b-86f4-3ea64f06fee6,mailchimp,CMP_LIVE_OTC_2026,/home,True,,2026-07-25 07:49:48.735296
4af28016-1868-4621-ada6-f1b730dbaf28,8c410bc4-bcec-45c0-8922-21a4de9e4da6,mailchimp,CMP_PAST_O_M_2026,/home,True,,2024-11-30 09:49:48.735296
19d6218a-7424-4884-9a42-1c003f69ddda,2a6fc7b2-ad0d-434a-a36a-9a9a08448d40,mailchimp,CMP_PAST_OIL_GAS_US,/home,True,,2026-02-08 03:49:48.735296
bc0d908a-adfc-465c-9fab-d314a2e6ccaa,33054a06-e3d9-405f-a447-f666037f26fc,mailchimp,CMP_PAST_MIDDLE_EAST,/home,True,,2026-08-19 21:49:48.735296
07a89a06-997a-4bf5-a662-89f2c105708b,787ea2e0-0765-435c-b8dd-2df6c4f520cc,mailchimp,CMP_PAST_OIL_GAS_US,/home,True,,2026-09-02 06:49:48.735296
3bf04c38-1c66-423f-9176-482d0062e05d,834ecd03-a23a-42f6-9133-11b521742947,mailchimp,CMP_LIVE_OTC_2026,/home,True,,2026-07-16 10:49:48.735296
25e9cdea-8b1a-488f-9438-2ccdb36df0c8,ebc97f98-813a-4c77-81fb-dc61117e6ac7,mailchimp,CMP_PAST_OIL_GAS_US,/home,True,,2025-12-07 12:49:48.735296
65986d08-e909-434b-897a-1769602dbad0,2c4cc258-c003-4246-a784-194635dbd600,mailchimp,CMP_LIVE_OTC_2026,/home,True,,2026-08-21 14:49:48.735296
773cc9d9-15e6-446b-8fd3-6f7898c75517,b25a7c08-c7c1-46f4-ae01-81c37264f6e9,mailchimp,CMP_LIVE_GASTECH_2026,/home,True,,2026-08-11 00:49:48.735296
51a1a2ef-efb8-4530-b9af-99a336fc057f,002d84e8-0546-4d75-98b8-f676351d38b5,mailchimp,CMP_PAST_O_M_2026,/home,True,,2024-09-04 16:49:48.735296
965063e5-2a4a-4a07-8e11-55b9af3b965e,36bdf846-7c6f-4f38-a139-848638df4a64,mailchimp,CMP_LIVE_OTC_2026,/home,True,,2026-07-10 12:49:48.735296
323d60c6-519c-4642-848f-2861742438f7,d798ca8c-ab12-40c5-99d0-0aeacad0a1f1,mailchimp,CMP_LIVE_OTC_2026,/home,True,,2026-07-09 01:49:48.735296
e97236ab-335c-4d4c-aac3-36ce5ad31ada,ac102711-ff0f-43d5-a721-52c0aa23cd5b,mailchimp,CMP_LIVE_GASTECH_2026,/home,True,,2026-08-15 16:49:48.735296
fbabc144-c938-43af-9251-99c783bcb1ae,8197fed7-9b93-42ce-a8a7-0a796b755544,mailchimp,CMP_PAST_O_M_2026,/home,True,,2024-07-02 23:49:48.735296
ed45255c-a9e2-40a3-bb49-6a498ef5635b,909fce1d-3aeb-4b74-becb-54a2a57a58b5,mailchimp,CMP_PAST_OIL_GAS_US,/home,True,,2025-12-18 23:49:48.735296
ebaefcff-79f1-434b-9c5d-019f258c8a3a,6178c061-afc9-43ac-8f20-7c0c702bc0af,mailchimp,CMP_LIVE_GASTECH_2026,/home,True,,2026-08-27 21:49:48.735296
6f5425c2-04cf-48ba-b1f7-024f5b5abfab,37f3ff67-5d81-4994-8862-5aaad8785804,mailchimp,CMP_LIVE_GASTECH_2026,/home,True,,2026-08-30 01:49:48.735296
319df05d-6f2a-4aa6-b8c5-540890929100,eb919a51-750a-47ce-a361-707012a1a5bb,mailchimp,CMP_PAST_O_M_2026,/home,True,,2024-11-04 05:49:48.735296
7ae602a5-8104-4bb2-80d8-bfcf5ee5ef59,a065d92f-e255-4aa3-9565-ff850cf8c81b,mailchimp,CMP_LIVE_GASTECH_2026,/home,True,,2026-08-08 16:49:48.735296
22cb6666-286c-41b0-b4e5-f5a9a3b6146c,b84c8fbb-3a03-42f3-8404-462fc2248263,mailchimp,CMP_PAST_OIL_GAS_US,/home,True,,2026-02-13 06:49:48.735296
6da8e927-9812-43f0-afc7-1743c1e3150a,2ffb1196-79fa-414a-b9ac-564dace0d451,mailchimp,CMP_PAST_OIL_GAS_US,/home,True,,2025-11-18 06:49:48.735296
90acea59-667b-48fb-8402-df7c44f97634,03c3c0cd-3898-484a-a683-fd1cd3c0602f,mailchimp,CMP_LIVE_GASTECH_2026,/home,True,,2026-08-29 14:49:48.735296
e992ae7e-9dbc-4b87-bc31-ba24c35c5a32,a6b4c818-5ec4-4c94-8d95-55a71460819d,mailchimp,CMP_PAST_MIDDLE_EAST,/home,True,,2025-05-20 15:49:48.735296
60475f27-9892-4e04-9547-6f4ae4670e78,15de187c-0ff7-4787-a5a0-37b57c816a3b,mailchimp,CMP_LIVE_GASTECH_2026,/home,True,,2026-08-19 04:49:48.735296
7fb07110-8ba6-49db-8a90-d7e3829544d5,98b275af-01b4-4636-8a8e-d9cd6b2fc9ed,mailchimp,CMP_PAST_O_M_2026,/home,True,,2024-11-06 23:49:48.735296
68d2237a-72c2-4de8-91f7-d92e82bff9f0,8c4a9432-20cb-42f6-8575-944ee1e800a0,mailchimp,CMP_LIVE_GASTECH_2026,/home,True,,2026-08-25 04:49:48.735296
ed76ff88-44f7-44a6-8da8-60da32e37376,32322d67-2178-4fb8-a9e6-fbf6a40009da,mailchimp,CMP_PAST_OIL_GAS_US,/home,True,,2026-03-23 14:49:48.735296
6fbea49e-213f-4604-a3ab-e296e14541d6,f1bb8865-231e-4cbb-a7f6-017621f7b950,mailchimp,CMP_PAST_OIL_GAS_US,/home,True,,2025-12-14 10:49:48.735296
f0d2c346-a9da-4bed-abd8-4a3f7a5f4aaf,40e550d9-3079-4a02-832e-cfd3b8833bca,mailchimp,CMP_PAST_OIL_GAS_US,/home,True,,2025-12-27 20:49:48.735296
7da44a69-5d65-4d3b-99f2-5646a9464aab,5e3b228a-beb5-4417-80ab-a3d449c3fb08,mailchimp,CMP_PAST_OIL_GAS_US,/home,True,,2026-08-29 12:49:48.735296
f15ebe64-5e47-4c56-919a-e03a037b5b5f,a92c074f-00d4-4389-b274-fdedc4739764,linkedin,CMP_LIVE_GASTECH_2026,/whitepaper-download,False,505.0,2026-08-20 21:49:40.735296
647f88ed-78af-452a-bbf7-05e380c04a4c,de66122a-245c-4332-a70c-e51811f8c636,linkedin,CMP_PAST_OIL_GAS_US,/whitepaper-download,False,505.0,2026-08-30 05:49:40.735296
6aacaa5c-38af-4891-bd33-83b8fc8db575,48f78634-31b1-41dc-9fd0-cc72017d4423,mailchimp,CMP_LIVE_GASTECH_2026,/home,True,,2026-08-17 21:49:48.735296
41962041-4281-4f59-a248-02442ffea6e5,cfeed622-cee1-402f-bde0-a4090886a748,mailchimp,CMP_LIVE_GASTECH_2026,/home,True,,2026-08-18 22:49:48.735296
66c3e4ea-a7dc-4fd2-83f3-2a91693eac30,ce00954c-3547-4075-930e-57c8a68b9b99,mailchimp,CMP_PAST_OIL_GAS_US,/home,True,,2025-11-23 15:49:48.735296
05f795aa-392d-47b2-a6b5-7ac1eea4b7a6,3b3de6a6-d10d-4f03-812d-c316820b7c8a,mailchimp,CMP_PAST_OIL_GAS_US,/home,True,,2026-03-09 15:49:48.735296
8f64f7be-4cf5-42f8-935f-765c1e00066f,d630382e-8d19-41df-8b36-f9e3e45e7735,mailchimp,CMP_LIVE_OTC_2026,/home,True,,2026-08-17 13:49:48.735296
c46779d7-feb1-4fce-878d-78f1ef8dbff0,d5f78025-8b6a-44dc-b1ba-e8d9fc26abcd,linkedin,CMP_LIVE_GASTECH_2026,/whitepaper-download,False,517.0,2026-09-03 14:49:40.735296
6f60fccc-8db8-47f9-9d08-4602780a1cd7,60dccc07-be38-4e0d-a681-d84d3a77ee9a,linkedin,CMP_PAST_OIL_GAS_US,/whitepaper-download,False,517.0,2026-02-17 15:49:40.735296
9621cc3d-b104-45d2-9805-90b406b8b957,bf2c03e4-86e0-4f20-909b-d1959d73ca3b,mailchimp,CMP_PAST_O_M_2026,/home,True,,2026-09-01 21:49:48.735296
55dfafa3-e72f-4e10-996b-87a8c3cef7b3,ca848d93-f7c6-4c08-85ce-40735b63f8fa,mailchimp,CMP_LIVE_OTC_2026,/home,True,,2026-08-24 14:49:48.735296
bff44670-ebde-4552-8895-a864e89c2116,cd6b5ef8-5250-4c20-b23f-58cf2fa9cda8,mailchimp,CMP_PAST_OIL_GAS_US,/home,True,,2025-11-11 17:49:48.735296
4559dd72-31be-4570-afc4-5976ba6939cf,3bbadee7-2499-450d-92c2-eebe0e65d7f4,linkedin,CMP_PAST_OIL_GAS_US,/whitepaper-download,False,522.0,2025-12-27 22:49:40.735296
e1056784-28fb-4e19-97cd-43fa68b395b2,53516b19-b4d2-474e-9c7f-c54712043d61,linkedin,CMP_LIVE_GASTECH_2026,/whitepaper-download,False,526.0,2026-08-28 12:49:40.735296
c52e5ca3-7790-4b5c-9d98-018d1742cc20,6db53faf-5d88-4d00-aeb7-354dfd5dbbbe,mailchimp,CMP_PAST_MIDDLE_EAST,/home,True,,2025-06-03 15:49:48.735296
132d0656-7124-403a-9750-b79a79cc6ec5,36035226-7505-400e-ad28-fce4f5c70009,mailchimp,CMP_PAST_OIL_GAS_US,/home,True,,2026-03-22 13:49:48.735296
e6d6f17d-e7de-426a-954f-b4902b547efc,ebaf3601-eba1-4121-b966-a554846dcb94,mailchimp,CMP_LIVE_GASTECH_2026,/home,True,,2026-08-28 03:49:48.735296
7f172fe0-2140-436f-bde7-8e1e6298e2b3,278c5165-1404-4511-af78-8bbbe69cd916,mailchimp,CMP_PAST_O_M_2026,/home,True,,2024-07-17 12:49:48.735296
08c70cb0-0d37-48d3-a674-cccba9f5d813,1b133279-cadd-42ad-8c2a-63f30cced1d5,mailchimp,CMP_LIVE_OTC_2026,/home,True,,2026-08-31 22:49:48.735296
96aef5c4-92b8-4be3-b944-425e1175d773,caedd805-ef24-43ea-af3e-a10ec86edd59,mailchimp,CMP_PAST_MIDDLE_EAST,/home,True,,2025-11-07 16:49:48.735296
f5ada0b1-a32d-481c-95b4-605e4503beb9,6f36d434-72e0-4306-af0b-553f128de884,mailchimp,CMP_LIVE_OTC_2026,/home,True,,2026-07-13 07:49:48.735296
76b5ff2f-5b0b-430e-a249-1074ef3daa31,121bacd7-9691-4d24-850e-2fa273b17069,mailchimp,CMP_PAST_OIL_GAS_US,/home,True,,2025-11-21 11:49:48.735296
ec72ffaf-e8a9-4963-89c9-4eee53cbc5a3,22839d02-1c30-4a19-8fd8-9fa600b1eaae,mailchimp,CMP_LIVE_OTC_2026,/home,True,,2026-07-16 13:49:48.735296
4031ea4b-0b11-4189-8ba5-2a8b8db9b776,9e12e3f7-242d-4321-b078-fedd318f7073,mailchimp,CMP_PAST_MIDDLE_EAST,/home,True,,2025-10-26 03:49:48.735296
681714be-8988-4dd3-9e7a-243579f7bbaf,c5e15219-0429-4dfd-8ac5-4ef3635e24bf,mailchimp,CMP_LIVE_GASTECH_2026,/home,True,,2026-08-22 05:49:48.735296
5c07b2bd-360f-4212-91ae-e2a0a193e372,f6529ff0-b008-4482-a413-500a65224006,mailchimp,CMP_LIVE_GASTECH_2026,/home,True,,2026-08-11 22:49:48.735296
e2918e1e-f0b0-402a-a91d-5ae2f62b0dea,91753ed3-b32f-4f0f-b8d4-487c74ab48d1,mailchimp,CMP_PAST_OIL_GAS_US,/home,True,,2026-01-21 21:49:48.735296
e5c51ed3-4920-4b48-b47b-9f71a8098bc1,c70f3afe-7bc0-4b06-ac31-d48e8466b672,linkedin,CMP_LIVE_GASTECH_2026,/whitepaper-download,False,542.0,2026-08-20 08:49:40.735296
d4c823eb-abaf-4d1e-929c-f31322bff306,2a0b5223-bd9f-4412-ae60-52297aede7aa,mailchimp,CMP_LIVE_OTC_2026,/home,True,,2026-08-06 22:49:48.735296
06e0f7d7-13d4-4256-9d45-e805b2ce9128,c0831c55-bbb4-40bb-ad7d-0e684f05b67e,linkedin,CMP_PAST_OIL_GAS_US,/whitepaper-download,False,543.0,2026-08-29 00:49:40.735296
a1e47a19-eb7f-4d3d-8255-1a9ed94d4479,023dc4f7-75b3-4bb6-bd02-88a6f1cea531,mailchimp,CMP_LIVE_OTC_2026,/home,True,,2026-07-07 18:49:48.735296
f2f94c9f-9918-4c8b-8e20-3596c8b5c64e,c4c1ebed-ea8f-4a3a-aedc-5635295f4806,mailchimp,CMP_LIVE_GASTECH_2026,/home,True,,2026-08-21 08:49:48.735296
1d127ad2-a0c5-4dd8-836c-dd0cbfaee6a8,b9a59075-8bc9-4970-8d2d-1c9a466f6b9d,mailchimp,CMP_PAST_O_M_2026,/home,True,,2026-09-02 13:49:48.735296
6b365339-ab6f-492a-b9e6-b15f51bf8323,ee07b413-6aba-4a2a-ab24-7f55bccbb663,mailchimp,CMP_LIVE_GASTECH_2026,/home,True,,2026-08-30 01:49:48.735296
1dd94b18-5d84-4923-a3ce-eb3515cac3d1,2e3b954a-b13e-422c-a09e-45d3ba6171cd,mailchimp,CMP_LIVE_OTC_2026,/home,True,,2026-07-25 16:49:48.735296
870e4939-8eae-4ea6-b211-bf381924ad77,caad8291-520a-49dc-ba2b-f9b97ba09c74,mailchimp,CMP_LIVE_OTC_2026,/home,True,,2026-07-31 20:49:48.735296
e862d429-b904-45de-b01a-af0bdd632e0c,bc077884-252a-4f28-894e-55737ee175b9,mailchimp,CMP_LIVE_GASTECH_2026,/home,True,,2026-08-09 08:49:48.735296
1d5de619-943e-4bc0-ac9f-7febbb0b585c,3aaa2e45-a7ef-47e6-ba77-9c060d04f1e5,mailchimp,CMP_LIVE_OTC_2026,/home,True,,2026-08-16 15:49:48.735296
ac3633ff-ed39-417d-a68b-4045956de504,b7052945-a4a7-4057-a49b-79d22a9b6660,linkedin,CMP_LIVE_GASTECH_2026,/whitepaper-download,False,557.0,2026-08-27 13:49:40.735296
b528bcfd-e200-4b80-8219-dfe32c25596f,4c402187-f6fe-4ca3-988c-5c1e84a119e5,mailchimp,CMP_PAST_MIDDLE_EAST,/home,True,,2026-08-26 00:49:48.735296
1a5be605-7f77-4fe7-8168-6864be4f4677,131f0e48-4afa-4eb0-8a1e-073fe1e11b1c,mailchimp,CMP_LIVE_GASTECH_2026,/home,True,,2026-08-19 15:49:48.735296
73a8ad66-13b0-4569-93e8-919cb376537d,f84a029f-b33d-4c7e-92d5-885f3e81bb73,mailchimp,CMP_PAST_MIDDLE_EAST,/home,True,,2025-09-20 01:49:48.735296
9a7507d1-00c0-4ca7-889d-81c5987aea76,753d0288-7f89-4481-89f2-bc6b6c939851,mailchimp,CMP_PAST_O_M_2026,/home,True,,2025-03-09 12:49:48.735296
d8e93820-97bb-4c48-891c-d15de31588ea,4cce05ce-12b2-4e09-bf50-2d09926bc67a,mailchimp,CMP_LIVE_OTC_2026,/home,True,,2026-07-28 04:49:48.735296
8ea0754b-bdaa-4d0f-b584-9c58fc2f42a6,23ac9493-fd44-4d8a-baf8-e232a3442114,mailchimp,CMP_LIVE_OTC_2026,/home,True,,2026-08-23 04:49:48.735296
08db1ca9-34b0-462d-8892-d9966c0b932e,76ea833c-73e2-414e-bbb9-67e0dcd75db4,mailchimp,CMP_LIVE_OTC_2026,/home,True,,2026-07-15 16:49:48.735296
c3f65d79-36a2-4a1e-97df-61b6699346af,dd2c8e90-45c3-4c31-ab65-d2c4f8ffa2cd,mailchimp,CMP_LIVE_GASTECH_2026,/home,True,,2026-08-11 20:49:48.735296
4428440b-f900-4bae-a125-3dc8b5081c22,50dd1253-02f7-4274-8a04-397030432582,mailchimp,CMP_PAST_OIL_GAS_US,/home,True,,2025-11-10 15:49:48.735296
3a1ff510-c0bd-4f57-95ba-0aa2d6c8aba6,200708a2-2f6d-4cfb-99b2-25f98023ed49,linkedin,CMP_LIVE_GASTECH_2026,/whitepaper-download,False,575.0,2026-08-12 07:49:40.735296
1c638940-7290-42db-9c9f-50fcf8899325,5957879d-1e6e-4dcf-8f9c-df42aa6bc6c2,mailchimp,CMP_PAST_OIL_GAS_US,/home,True,,2026-03-06 10:49:48.735296
2cea82ff-32c7-4c0b-b6fe-aa3adc38aa33,e75ef1bc-01ec-420c-a2d6-e2decd0fbbe8,mailchimp,CMP_PAST_MIDDLE_EAST,/home,True,,2025-04-22 13:49:48.735296
ca05198c-4438-48c3-943e-e9817c1eb713,cbcfb8d6-e8ff-49ed-a649-2bd5126df6b5,mailchimp,CMP_PAST_MIDDLE_EAST,/home,True,,2025-09-05 15:49:48.735296
b8d31224-860a-49b5-bc6b-d492515f5a67,ae22cbd1-d411-4906-893d-796516a14d4a,mailchimp,CMP_PAST_O_M_2026,/home,True,,2024-11-30 22:49:48.735296
d3d2a9b1-53cb-4a98-a92e-c4291d3d307d,26ed829c-0b60-4b97-b0ad-e8017e70062d,mailchimp,CMP_PAST_OIL_GAS_US,/home,True,,2026-04-04 00:49:48.735296
7ff3ed39-6d64-4c59-a34c-7040a1657657,3b5aad9b-4bc2-46d4-93ce-46c452f21bed,linkedin,CMP_PAST_MIDDLE_EAST,/whitepaper-download,False,578.0,2025-04-28 23:49:40.735296
0101c34e-f4b0-43de-9207-a49b183d7b35,6c0cea79-6400-4d75-a4f6-cfd0c86ea115,mailchimp,CMP_LIVE_OTC_2026,/home,True,,2026-07-22 13:49:48.735296
2009e636-2913-4a64-9b6d-82e2f67ef34f,1888fe0f-8d16-47cf-b88d-99a3b9f7b053,mailchimp,CMP_PAST_OIL_GAS_US,/home,True,,2026-02-12 00:49:48.735296
ffdd5d0e-8566-4ae9-9f5a-eba69dad8693,5504f39f-2a8f-46ed-b205-9a37c441a151,mailchimp,CMP_PAST_MIDDLE_EAST,/home,True,,2026-09-02 02:49:48.735296
303cab7f-15e3-476b-ae33-2afcc63684bf,c890d6e9-d0f7-412f-a048-c15a1dfca0db,mailchimp,CMP_PAST_OIL_GAS_US,/home,True,,2026-03-17 13:49:48.735296
0e0666d0-1320-4446-978a-6864f68b3a3d,fee6af68-ddb4-47d8-97c5-58a3ba5bba68,mailchimp,CMP_LIVE_GASTECH_2026,/home,True,,2026-08-05 11:49:48.735296
35f3aa83-b59d-4ec2-8885-c698e61ee92d,3213eb04-a4b0-4f9f-a724-ec745eba2601,mailchimp,CMP_PAST_OIL_GAS_US,/home,True,,2025-12-25 13:49:48.735296
444e7b57-66c8-4d3f-9b80-c9206cb1febf,ce80f72d-adb3-4714-8868-fec64a330579,mailchimp,CMP_LIVE_GASTECH_2026,/home,True,,2026-08-30 16:49:48.735296
d7ff3f72-76ce-47bb-8fe0-183d81b75f0b,f328dfb9-1573-4b4a-92bf-18583d8e028b,mailchimp,CMP_LIVE_GASTECH_2026,/home,True,,2026-08-14 21:49:48.735296
f6c30dc5-db3b-4c24-9a86-9d67e0bf28c5,753791ab-1cf6-4b9d-8f4e-e502f0c67cd5,mailchimp,CMP_PAST_MIDDLE_EAST,/home,True,,2025-07-06 00:49:48.735296
302b2aa9-ce0d-494a-8ce3-2e11b2a7dd78,ccfcdc50-588b-40b4-bfb9-bb2fc3a289d5,mailchimp,CMP_LIVE_GASTECH_2026,/home,True,,2026-09-02 15:49:48.735296
b8650181-de9f-4245-af3d-bed3964d66c5,4fb456fa-4fd1-46de-a6de-c58ef6b9a0ed,linkedin,CMP_LIVE_GASTECH_2026,/whitepaper-download,False,592.0,2026-09-02 22:49:40.735296
285edb9a-bfb0-4b4e-978d-0e71ffb15b44,86289eee-317b-4f90-9b58-1c73125b387c,mailchimp,CMP_PAST_OIL_GAS_US,/home,True,,2026-01-10 04:49:48.735296
fa1272f2-62b2-4390-b098-f36299fe518d,fba52125-f02a-4a36-9f7b-edf8be50255a,mailchimp,CMP_LIVE_GASTECH_2026,/home,True,,2026-08-13 09:49:48.735296
417f8c49-b09b-44e7-b266-a436f0be544a,8438fc58-cd50-48bc-a6c5-74d27f94afe9,linkedin,CMP_PAST_O_M_2026,/whitepaper-download,False,593.0,2024-11-01 11:49:40.735296
47b6bbea-4a1d-41a4-a815-364706632dd7,b09137ea-4757-4c00-bc7c-8da1c4765aa7,mailchimp,CMP_LIVE_GASTECH_2026,/home,True,,2026-08-09 01:49:48.735296
4d02eef4-5842-480c-b31f-a6e26823c4ab,6cf2b1d6-d4c7-40d7-800d-1688d0b64d45,mailchimp,CMP_LIVE_OTC_2026,/home,True,,2026-07-22 23:49:48.735296
336ee985-9e38-40fe-84dc-b10b2160dd8f,6dec6e5b-26bc-4168-8d70-47ae5959c6e0,mailchimp,CMP_PAST_MIDDLE_EAST,/home,True,,2025-05-20 23:49:48.735296
78d53cbc-55d4-43b0-b1a8-76a877ad94f7,1eee7c52-db77-44d8-8fed-97195ec47b6b,linkedin,CMP_PAST_MIDDLE_EAST,/landing-page,True,,2026-06-10 17:49:40.735296
599ce32d-6896-4ea2-9fc3-9d0b28e5c204,843f8a9e-7972-499a-8483-814d2e1a372b,linkedin,CMP_PAST_O_M_2026,/landing-page,True,,2026-06-13 23:49:40.735296
0384e39f-2499-4324-8564-af1053d02f59,47ca66b0-657f-4c19-94ed-b05038825824,linkedin,CMP_LIVE_GASTECH_2026,/landing-page,True,,2026-07-09 22:49:40.735296
dd5c8bc3-d3b6-4a96-b4a1-f3f89fc5bd8c,788f5ad2-3bd3-4884-a6db-6c1331eb56af,linkedin,CMP_LIVE_OTC_2026,/landing-page,True,,2026-07-19 02:49:40.735296
52d04b24-08b5-498f-a18f-abe376662892,e0fcb4a1-6dea-4e28-96d0-0a6c19554d28,linkedin,CMP_PAST_MIDDLE_EAST,/landing-page,True,,2026-06-08 07:49:40.735296
58b7366f-1afe-4c2d-9ea3-285e19638933,bacd3a6d-47b5-4607-8ff4-0ad6954cbc0d,linkedin,CMP_LIVE_OTC_2026,/landing-page,True,,2026-08-25 20:49:40.735296
5bfce6b4-d083-4d23-9092-f401c61382fa,e74ef7ad-6ed3-41e0-a041-a4f41710bc1b,linkedin,CMP_LIVE_OTC_2026,/landing-page,True,,2026-07-31 07:49:40.735296
c77da367-a9dd-40ef-a5c1-d9649fe6071b,82fb1e85-9333-4701-b635-31a7d4c30fc3,linkedin,CMP_PAST_MIDDLE_EAST,/landing-page,True,,2026-06-19 09:49:40.735296
968986d9-2458-4c01-a05e-7641476c4af3,457c7041-11c8-4e72-85af-37e7b1376831,linkedin,CMP_LIVE_GASTECH_2026,/landing-page,True,,2026-08-15 10:49:40.735296
0a1766e1-3145-4643-9c70-2ac64c66d40b,39a59eee-f24b-48f6-81fc-d0081148f563,linkedin,CMP_PAST_MIDDLE_EAST,/landing-page,True,,2026-07-26 02:49:40.735296
debd6fc0-a946-4cdd-ba4b-5a983cd920b7,1d66ddf4-ae1e-47aa-9fb9-54ecc25329dd,linkedin,CMP_LIVE_GASTECH_2026,/landing-page,True,,2026-07-10 03:49:40.735296
da639644-23ba-4a56-94d2-964768f8244e,2411356c-9c45-4a3e-8eb4-6bc46a062e79,linkedin,CMP_LIVE_GASTECH_2026,/landing-page,True,,2026-07-31 12:49:40.735296
e2a13f0b-a9bf-490c-9825-473ebcd3f1e6,940c4887-9701-4257-8174-56074ae00803,linkedin,CMP_PAST_O_M_2026,/landing-page,True,,2026-07-29 19:49:40.735296
aa6d77f1-f766-442f-abc4-d625c7c8b8ba,55a4080c-c33e-425f-b1ad-aeb67d29b875,linkedin,CMP_PAST_MIDDLE_EAST,/landing-page,True,,2026-08-28 17:49:40.735296
bed8ac31-c25d-42e7-ac63-050334d31d3f,d912319b-f4eb-4f95-8497-904d540c8824,linkedin,CMP_PAST_OIL_GAS_US,/landing-page,True,,2026-08-27 14:49:40.735296
9bbf70d8-940a-4159-ae30-8b34026dbb02,9d52e67f-2067-480c-b1c3-1c3db019d868,linkedin,CMP_PAST_OIL_GAS_US,/landing-page,True,,2026-08-26 03:49:40.735296
f7fe9616-c3f6-438b-80e3-219bedc100b2,e876d250-9d2b-4d71-a5b3-d44bd4ccef15,linkedin,CMP_LIVE_OTC_2026,/landing-page,True,,2026-08-23 04:49:40.735296
cc697640-6b97-4ca3-b157-42307156dce1,9c342a3e-7f0a-47b8-ac6e-490076a3f9f0,linkedin,CMP_PAST_O_M_2026,/landing-page,True,,2026-06-21 17:49:40.735296
0f0de45b-e35b-4f21-bcb5-d49325ff93e1,ebec5589-aa6b-4814-b028-37a71ad02d25,linkedin,CMP_PAST_O_M_2026,/landing-page,True,,2026-06-28 19:49:40.735296
bbb30643-6fa5-401e-abfd-c215b87c1abe,af847a7c-b4c6-47de-8c5c-62151c8376c8,linkedin,CMP_PAST_MIDDLE_EAST,/landing-page,True,,2026-06-28 08:49:40.735296
f29c68b2-89d6-4680-86d7-153af80b45a1,e3edc2d0-097b-407b-90d9-4f8fefad79ad,linkedin,CMP_LIVE_GASTECH_2026,/landing-page,True,,2026-08-03 21:49:40.735296
717bb0fb-44bb-49b2-b21a-7b2f7588898a,76547f9e-dfa8-4f61-84c4-236c49dd061c,linkedin,CMP_PAST_O_M_2026,/landing-page,True,,2026-07-25 06:49:40.735296
5a162b89-e9c5-4c21-8478-173bd8fca7f8,f8e6518d-4552-4b83-94c6-4456e0b88f72,linkedin,CMP_LIVE_OTC_2026,/landing-page,True,,2026-08-04 03:49:40.735296
c8a3f9b6-5ec5-484d-94c9-54cf18150f36,15936a27-e22a-4113-9b4a-e5f8b1252e04,linkedin,CMP_PAST_OIL_GAS_US,/landing-page,True,,2026-08-12 10:49:40.735296
04414d83-56f2-41b8-a8e0-28bed8718921,3a7d1909-333b-49b2-9902-501866fd28e0,linkedin,CMP_LIVE_GASTECH_2026,/landing-page,True,,2026-08-01 22:49:40.735296
0663d2ee-4bfb-419d-9b7e-54e38e93b04b,23aea609-8314-4d25-b13a-f705a0eff116,linkedin,CMP_LIVE_GASTECH_2026,/landing-page,True,,2026-07-17 18:49:40.735296
f317aa95-c1c4-4539-b7bf-97d7d23f1563,20800e67-89c6-47b2-a184-4d83199c88e6,linkedin,CMP_LIVE_OTC_2026,/landing-page,True,,2026-07-11 01:49:40.735296
d121c842-32e9-46cc-ae8b-0b8344893cfb,8f37fbc2-47a4-4283-b551-093169a6fea1,linkedin,CMP_PAST_MIDDLE_EAST,/landing-page,True,,2026-08-16 05:49:40.735296
463d248a-6191-46c4-878a-dd307d42fa75,ea46fb42-3df2-4053-a88c-6fc5c2c67f99,linkedin,CMP_PAST_O_M_2026,/landing-page,True,,2026-07-26 16:49:40.735296
1ec98efb-a580-47f0-b009-5be814572b3b,41c06161-b334-4a5b-9ce2-68179c09e60d,linkedin,CMP_LIVE_OTC_2026,/landing-page,True,,2026-06-11 15:49:40.735296
1612288b-7e7f-46a9-8cf4-cf20f83532cd,0636333e-b8d2-40e5-b599-1458ac3266e4,linkedin,CMP_PAST_OIL_GAS_US,/landing-page,True,,2026-07-16 07:49:40.735296
f273435c-66a2-4a93-90cd-f1fde541c8b2,73d4c4fd-5ae4-4892-8a24-e652a5c1af53,linkedin,CMP_PAST_O_M_2026,/landing-page,True,,2026-06-08 13:49:40.735296
5537fd44-e4ff-4ab2-b969-2fea23e4e018,8139190f-e515-40f6-a103-9c4802d23cbb,linkedin,CMP_LIVE_GASTECH_2026,/landing-page,True,,2026-07-09 04:49:40.735296
5eea55bd-4ebf-48e4-a63d-4a8c73bb236f,e4adda9e-9675-4a16-9327-1aeed39ba575,linkedin,CMP_PAST_OIL_GAS_US,/landing-page,True,,2026-07-15 08:49:40.735296
6e54f05e-50ca-4af5-ad48-b2e71e81a2dd,a28568ee-8203-4b1f-af97-be40a4988e8d,linkedin,CMP_LIVE_OTC_2026,/landing-page,True,,2026-08-04 07:49:40.735296
0deaba5f-72ca-444e-919e-0b4254a1f2bc,67378617-473c-4691-ab71-5e4676519994,linkedin,CMP_PAST_OIL_GAS_US,/landing-page,True,,2026-08-14 02:49:40.735296
269fb20b-0c76-4e8b-adaf-ee98e9a06d73,2a10b44a-9db1-43e6-97d3-79fad1366be5,linkedin,CMP_LIVE_GASTECH_2026,/landing-page,True,,2026-06-13 03:49:40.735296
8da9b54b-3c54-49fd-b96b-ca1d8ed37fbf,943bb6bd-7f13-4c2f-8e6d-bf259f838717,linkedin,CMP_PAST_MIDDLE_EAST,/landing-page,True,,2026-08-24 01:49:40.735296
5420aff1-1969-47dc-91c2-ac0ffaf6a6bd,aafb3a62-f48d-473e-add5-a51abad5ea08,linkedin,CMP_PAST_MIDDLE_EAST,/landing-page,True,,2026-07-22 18:49:40.735296
959c550a-a506-4776-8de4-36abc5a90a7c,c906982e-0ba6-4836-a60b-2a291479e4bd,linkedin,CMP_PAST_OIL_GAS_US,/landing-page,True,,2026-08-22 11:49:40.735296
254aa6b2-8851-4924-9e2c-bd883af6e645,900616ab-063d-47fe-b686-47aad14b969c,linkedin,CMP_PAST_O_M_2026,/landing-page,True,,2026-07-20 03:49:40.735296
e8dee8d7-a0da-4f43-b632-b72000f58b4e,a031f8dd-dd97-4915-b918-ecb198597d94,linkedin,CMP_PAST_OIL_GAS_US,/landing-page,True,,2026-06-24 17:49:40.735296
11540de6-6595-40d3-a3cb-c2935f4bd07a,1b5f2323-2b8b-4397-8252-1d4f8d7643de,linkedin,CMP_LIVE_OTC_2026,/landing-page,True,,2026-08-31 15:49:40.735296
013c6a77-221a-46e0-b53d-64623c9f7f9f,4b61f89b-32ae-4740-82d0-5499d7c7a78d,linkedin,CMP_LIVE_GASTECH_2026,/landing-page,True,,2026-06-13 12:49:40.735296
f4d8ac84-397f-448d-a414-f93080d04754,af53a5e4-6243-484b-a917-9e91c835454e,linkedin,CMP_PAST_OIL_GAS_US,/landing-page,True,,2026-06-15 07:49:40.735296
22ce1596-c9f4-4509-92b6-5fdad1235f4d,623143f8-eaee-4929-8639-1a1d257694bc,linkedin,CMP_LIVE_OTC_2026,/landing-page,True,,2026-08-20 11:49:40.735296
147e6f91-c5a5-4a3f-82a2-64280ad0fd28,2ffa7b7c-0bc0-45b3-b123-95965b6206d2,linkedin,CMP_PAST_O_M_2026,/landing-page,True,,2026-06-12 12:49:40.735296
3d9a80e6-a588-4084-9345-426a931fcc8d,4984f7dc-a8f5-4241-bab4-5d9ae865165b,linkedin,CMP_PAST_MIDDLE_EAST,/landing-page,True,,2026-07-25 02:49:40.735296
0d9aabb0-5bd6-411c-8e2e-155e9a0263c7,d767e7d5-0fa5-4882-a2d1-1949c77065d8,linkedin,CMP_LIVE_OTC_2026,/landing-page,True,,2026-08-17 08:49:40.735296
a12aad0f-3712-461b-960f-1b905fd91331,8b55618b-368e-426b-8ba3-68e2225b01f3,linkedin,CMP_LIVE_OTC_2026,/landing-page,True,,2026-07-24 07:49:40.735296
8a6c89cd-c62d-4617-8318-f7f7560ed199,030c39ea-4940-4a8b-b2d3-ec3036bd5566,linkedin,CMP_PAST_MIDDLE_EAST,/landing-page,True,,2026-07-18 11:49:40.735296
0ed211ea-578f-4837-9870-d9dd4b59585a,64bb2d1e-f967-4576-90cf-74eff25d69a8,linkedin,CMP_LIVE_GASTECH_2026,/landing-page,True,,2026-06-22 09:49:40.735296
839a06a4-08de-41c8-8eec-6979c281bac1,8c31937d-8438-42f0-9eb6-7c1078969ee9,linkedin,CMP_PAST_O_M_2026,/landing-page,True,,2026-06-23 20:49:40.735296
1b133ed6-16db-4757-838e-b18f97b55f60,dd1fae50-193f-4ffa-ab46-9260db5d9023,linkedin,CMP_LIVE_OTC_2026,/landing-page,True,,2026-08-23 02:49:40.735296
abb72319-7fc4-4da8-87af-6b0d41340787,5a6b9bbf-54c3-4b0c-9f8d-4d9c8441c683,linkedin,CMP_PAST_MIDDLE_EAST,/landing-page,True,,2026-08-13 15:49:40.735296
27337c02-a1bd-4650-b2b3-552ad4eef7b1,f079aac2-54b2-43ff-a329-c5ffeb59cd8b,linkedin,CMP_LIVE_OTC_2026,/landing-page,True,,2026-06-19 08:49:40.735296
f6dbcc3a-16b0-484f-bf6d-b15104eca3f9,d369188b-c7ce-4432-b6a8-3aafb31dd36a,linkedin,CMP_PAST_O_M_2026,/landing-page,True,,2026-07-18 11:49:40.735296
b9f84141-de3d-47b9-9811-3acdbcf1e3c8,3f67bf28-e36a-4305-b442-ce8e4ecdcd22,linkedin,CMP_PAST_MIDDLE_EAST,/landing-page,True,,2026-06-28 03:49:40.735296
688de9b1-f77e-4a6b-a555-d579ade35660,a04bda1a-7ebf-4c21-b242-5de075edba07,linkedin,CMP_LIVE_OTC_2026,/landing-page,True,,2026-07-02 13:49:40.735296
3eed6da6-9502-4a87-b77e-0cedff7d8363,81232f44-1c9b-460e-b869-9987fa038b1e,linkedin,CMP_PAST_OIL_GAS_US,/landing-page,True,,2026-08-10 08:49:40.735296
615e96c8-e069-479d-9e8a-0cc17bcca339,170130b3-afcb-4791-b992-c3bbc86ad3d5,linkedin,CMP_PAST_MIDDLE_EAST,/landing-page,True,,2026-07-17 12:49:40.735296
0e9887a2-70d4-428e-9983-9c50b47df217,57bc368e-c3d6-4f99-a3df-075bee952d38,linkedin,CMP_PAST_OIL_GAS_US,/landing-page,True,,2026-06-19 10:49:40.735296
4078a8cd-3803-4904-bee1-8053878d2234,b9c0446b-fe54-4f33-b7ee-96e8b1224a4b,linkedin,CMP_LIVE_OTC_2026,/landing-page,True,,2026-08-10 03:49:40.735296
efce672b-7b6b-4441-97e8-a890b5c8ee0c,4bd6764f-ce75-4856-9958-90697624706a,linkedin,CMP_PAST_OIL_GAS_US,/landing-page,True,,2026-08-16 16:49:40.735296
fcdfeafb-f46c-4bc5-ad5b-08f284161752,c08f930f-d8c3-4f39-b4b3-8ada229e6f0f,linkedin,CMP_PAST_MIDDLE_EAST,/landing-page,True,,2026-08-03 21:49:40.735296
0743c8dc-5af8-4094-900f-5ffc26194381,498786b3-5247-47e3-9c5f-2178f0231768,linkedin,CMP_PAST_MIDDLE_EAST,/landing-page,True,,2026-07-17 22:49:40.735296
7dcc1859-9c4c-4697-a088-902ae0686841,c05b8027-36aa-4710-a85d-499f2fdb02a3,linkedin,CMP_PAST_OIL_GAS_US,/landing-page,True,,2026-07-05 12:49:40.735296
9e5052af-8861-4cec-bc1b-79a44cccde62,424f7bc7-8e4d-4d15-ab72-123859082cbb,linkedin,CMP_LIVE_OTC_2026,/landing-page,True,,2026-07-14 19:49:40.735296
b4abafaa-2fde-43fa-8353-28be4d15d569,8e42db5a-873a-4540-9cb5-8b18513b8cb9,linkedin,CMP_PAST_O_M_2026,/landing-page,True,,2026-07-10 17:49:40.735296
db7ce7b2-3aa2-4a79-adad-6a0d79287dfb,378b7c76-d84f-4954-86d1-f38fb03693d7,linkedin,CMP_LIVE_GASTECH_2026,/landing-page,True,,2026-08-21 23:49:40.735296
f3c2b0b1-802b-48af-9f9f-a3fec9f8ba86,ec86a34e-ca53-44cb-bed5-45a479e2c06a,linkedin,CMP_PAST_OIL_GAS_US,/landing-page,True,,2026-08-04 01:49:40.735296
3c0d8be1-bf0f-4469-919d-222874cec99e,a3082409-9478-49ea-b554-6871b1d94d5c,linkedin,CMP_LIVE_GASTECH_2026,/landing-page,True,,2026-06-09 21:49:40.735296
0f1bd602-5266-407b-9076-6ae7ccebe205,1a029b1b-4558-425a-871f-670134fc7696,linkedin,CMP_PAST_MIDDLE_EAST,/landing-page,True,,2026-06-30 21:49:40.735296
0b6b7b66-f5fb-45f5-9bca-132babc00632,09374489-e3b2-4f2b-b734-2d31f7370ecc,linkedin,CMP_PAST_OIL_GAS_US,/landing-page,True,,2026-07-14 19:49:40.735296
3dad9d87-4bda-47ff-9f15-f15377fa29fe,24f50244-0f09-4fbe-b46a-f53bff87db14,linkedin,CMP_PAST_O_M_2026,/landing-page,True,,2026-06-24 15:49:40.735296
2084b99e-902a-4a54-94d8-b569addb5d10,d25019db-36e7-4eff-a12f-51bc25c5424f,linkedin,CMP_PAST_MIDDLE_EAST,/landing-page,True,,2026-08-13 00:49:40.735296
57138c6d-145e-4674-ac92-acb5f9587a6d,73152b84-82ec-477b-90ab-32f8038bccf6,linkedin,CMP_LIVE_GASTECH_2026,/landing-page,True,,2026-07-06 12:49:40.735296
74029908-68d0-48c6-b24b-703781ca5f34,758d3cbd-951d-4855-aa3b-12fc95a9a9e4,linkedin,CMP_LIVE_OTC_2026,/landing-page,True,,2026-06-28 03:49:40.735296
e012ce4d-0585-4cb6-8390-0dcc32e84aa9,27940c73-bcc9-44dd-a32c-a951ecc5750e,linkedin,CMP_LIVE_OTC_2026,/landing-page,True,,2026-07-25 15:49:40.735296
78e4e4c7-8660-4b6d-93a8-4bcdce014081,1ce084ff-7138-41da-bc31-2d7eecdfb322,linkedin,CMP_PAST_OIL_GAS_US,/landing-page,True,,2026-07-29 17:49:40.735296
f4e81c5e-cfee-4618-ba90-c2fd559a82d7,a1ab45e4-e4a4-42c9-92be-d0f606ab7635,linkedin,CMP_PAST_O_M_2026,/landing-page,True,,2026-07-29 08:49:40.735296
0f62a5c0-fcb7-4aa3-9046-411ca03548cc,33062dde-d105-4b28-afc9-d42f2fddbe94,linkedin,CMP_PAST_OIL_GAS_US,/landing-page,True,,2026-08-01 00:49:40.735296
d99c0eea-0135-4033-a1cc-1cdb97b9d02b,75bc16d7-bf75-4853-97de-ebd36ce8de53,linkedin,CMP_PAST_MIDDLE_EAST,/landing-page,True,,2026-08-13 06:49:40.735296
e01a6c7b-ec30-4134-9095-9b2177a45556,15206234-9c43-4035-8145-fc021c7756a0,linkedin,CMP_PAST_MIDDLE_EAST,/landing-page,True,,2026-08-14 23:49:40.735296
d3c82229-d6a5-4916-8a70-b5228b292daf,4b4721cc-d14b-4d8a-8cf8-574ffb3f094b,linkedin,CMP_LIVE_OTC_2026,/landing-page,True,,2026-08-15 15:49:40.735296
b345329f-c311-4208-a83c-465fb7245d98,5cc73f15-fdf3-431f-a08e-42803e31d9f3,linkedin,CMP_LIVE_OTC_2026,/landing-page,True,,2026-07-05 08:49:40.735296
724beff5-421b-4426-b1a2-7d13fcf1cf78,531b4d12-16fb-4e8f-93cc-57d824ee5415,linkedin,CMP_PAST_MIDDLE_EAST,/landing-page,True,,2026-07-10 13:49:40.735296
3bbf436d-8f10-4caa-9778-9bc10b1f170b,c804626a-d63e-4983-a97e-e1dce337a1c5,linkedin,CMP_PAST_O_M_2026,/landing-page,True,,2026-07-19 18:49:40.735296
f9ab66fd-a06c-45fd-9ac5-ed8bfe692cf4,f4b9dd86-ce69-49e6-9b21-4f4aed2b25fc,linkedin,CMP_LIVE_OTC_2026,/landing-page,True,,2026-07-02 13:49:40.735296
efab22c6-9a42-4632-82c2-8c0950e2adb9,3aa6b06f-063b-4f58-8b01-d826be0dbae0,linkedin,CMP_PAST_OIL_GAS_US,/landing-page,True,,2026-08-23 10:49:40.735296
970ca86a-28cf-4d79-9f3a-139c4cddec70,48379bb3-e691-4745-992c-26f4ccb9ef6c,linkedin,CMP_PAST_O_M_2026,/landing-page,True,,2026-08-12 17:49:40.735296
8400860b-ed2d-4afe-bc9f-54a4fbe1958b,0eaffe42-f059-41e8-8262-7f2eee00018c,linkedin,CMP_PAST_O_M_2026,/landing-page,True,,2026-06-22 19:49:40.735296
953b80a4-bd00-41ff-8187-f89773343313,0a7a2b74-25eb-47fb-986f-a3e4638af8ec,linkedin,CMP_PAST_O_M_2026,/landing-page,True,,2026-09-03 00:49:40.735296
8781315a-5905-44de-bf1f-e26976a3447c,036f811e-1d6a-4119-b51f-265089d5a751,linkedin,CMP_PAST_MIDDLE_EAST,/landing-page,True,,2026-08-25 09:49:40.735296
b95a7b44-51a6-43ab-a771-69dbf69e2614,b0656f88-df61-4a88-b171-4f0e8b8f4ade,linkedin,CMP_PAST_OIL_GAS_US,/landing-page,True,,2026-07-23 16:49:40.735296
ea6b6864-963d-4f9e-81df-b2f084b9b9e6,9544e660-13da-4821-8483-02cb551a61be,linkedin,CMP_PAST_MIDDLE_EAST,/landing-page,True,,2026-06-08 13:49:40.735296
82d56f04-21e8-41ad-ad1a-18503ba7d08b,f8f74736-efd6-4ff2-81aa-5d78dfb70d42,linkedin,CMP_LIVE_OTC_2026,/landing-page,True,,2026-08-21 06:49:40.735296
5af5fdc6-c926-4569-a564-4155b0796575,d6675e66-a72a-46db-a47d-90e395fafced,linkedin,CMP_PAST_MIDDLE_EAST,/landing-page,True,,2026-07-06 18:49:40.735296
45583703-30ab-4664-9a4d-a42bf8f8ddbe,6847af51-df2b-4f26-917e-a51d8a03b092,linkedin,CMP_LIVE_GASTECH_2026,/landing-page,True,,2026-07-30 21:49:40.735296
0e26ee2b-5e7a-4273-9d9d-caec864de907,9cca3a40-6034-4ccb-981f-50d5fc0ea018,linkedin,CMP_PAST_O_M_2026,/landing-page,True,,2026-08-28 20:49:40.735296
2fe32ff8-d209-4048-beb1-fe603ba638ce,27aecf4e-6646-4e90-ad1e-d82f3c8ac15c,linkedin,CMP_PAST_O_M_2026,/landing-page,True,,2026-07-23 17:49:40.735296
b4ba88ca-ed5a-4c52-9cd2-c531d4eebac3,ed7ec86c-b2db-4d86-b14a-cccada2ddfc1,linkedin,CMP_PAST_OIL_GAS_US,/landing-page,True,,2026-08-27 20:49:40.735296
13b5dd79-ac67-4bdf-83bd-50a4c388e946,287937ab-4aed-4865-9ff9-74df161a56fa,linkedin,CMP_LIVE_GASTECH_2026,/landing-page,True,,2026-08-26 17:49:40.735296
5b12bac9-3b45-4f27-ab80-1790cc28b4b3,0910a9e7-249b-4719-9079-3e1022d679e6,linkedin,CMP_LIVE_GASTECH_2026,/landing-page,True,,2026-06-18 04:49:40.735296
a52499c6-2027-46f9-95c0-b444c68379d3,497e6764-3bd2-4694-a56d-124813efce10,linkedin,CMP_PAST_MIDDLE_EAST,/landing-page,True,,2026-08-12 09:49:40.735296
c25485c8-8210-4a5b-807a-ab6d7bebf7fc,6bc2a1bd-50f2-4b0d-a996-af527f8e0c72,linkedin,CMP_PAST_MIDDLE_EAST,/landing-page,True,,2026-08-08 11:49:40.735296
63c2ea61-b450-4e88-a062-26160f617b85,56b36385-4b85-4e0e-b1a3-5cce7bcee516,linkedin,CMP_LIVE_OTC_2026,/landing-page,True,,2026-07-28 20:49:40.735296
d5ab8c49-d9da-4000-b4b7-87226ec8a9f9,a7d2e738-8e17-4f69-8553-8258ab6845d6,linkedin,CMP_PAST_OIL_GAS_US,/landing-page,True,,2026-07-03 03:49:40.735296
dfce3ad6-22b6-407d-92a4-c3a3c99f1d79,55db3a22-7026-4495-b30d-b48a9f097b2d,linkedin,CMP_PAST_OIL_GAS_US,/landing-page,True,,2026-06-18 12:49:40.735296
b5b408ac-a301-4bed-ab47-a642a1af0a74,345c867f-a692-4efe-89a9-b53273a0cd5d,linkedin,CMP_LIVE_OTC_2026,/landing-page,True,,2026-07-18 00:49:40.735296
d7c74a28-6d3a-49ce-bfc3-0fcbca91de20,ceda07dd-6e7e-4a41-bec8-0caec2e0a418,linkedin,CMP_PAST_OIL_GAS_US,/landing-page,True,,2026-07-16 01:49:40.735296
9628356d-69bb-457f-b273-6b0bb9f9bd46,afe8edbd-9226-4e9d-bbb1-c97ed9f03520,linkedin,CMP_PAST_MIDDLE_EAST,/landing-page,True,,2026-07-11 14:49:40.735296
329686b1-cb6f-48dd-bd16-f6f6ca0f1397,ef37aa15-91b6-4c15-aae7-0f8556238afb,linkedin,CMP_PAST_MIDDLE_EAST,/landing-page,True,,2026-06-17 11:49:40.735296
db50ed50-588e-4047-9bd6-c2609bb79563,e3aaa57b-a675-45cb-adc2-077431047a7f,linkedin,CMP_PAST_O_M_2026,/landing-page,True,,2026-08-23 15:49:40.735296
c51c037f-754a-4e0a-91da-0c03495677b9,4c78a565-c3d7-41c5-bf61-1caf3059c3e9,linkedin,CMP_LIVE_OTC_2026,/landing-page,True,,2026-07-05 19:49:40.735296
f662a1f0-d6dc-4653-aa32-6ff0653a476f,b22108b4-e50a-4b28-9fb0-25cffe63ce29,linkedin,CMP_PAST_O_M_2026,/landing-page,True,,2026-08-15 01:49:40.735296
98415635-765d-4695-9dac-a8158886536b,d62c4515-4faf-427e-848f-8e3cc4229017,linkedin,CMP_PAST_OIL_GAS_US,/landing-page,True,,2026-06-28 14:49:40.735296
a75f053a-9e79-4204-924b-4c1474bccbaf,e054d51e-1b83-4976-ab5f-d73eaaffe0ba,linkedin,CMP_PAST_OIL_GAS_US,/landing-page,True,,2026-08-24 01:49:40.735296
2d48b24b-2aae-4e0e-ab75-9a549635cf92,fbd7d087-196a-4720-9bd3-5f07c8d13a40,linkedin,CMP_PAST_OIL_GAS_US,/landing-page,True,,2026-08-17 19:49:40.735296
e3e58932-7820-4c4d-8371-7c004a0eeb61,d5cb11d9-516f-4c49-b5b1-d00ed83280d9,linkedin,CMP_PAST_OIL_GAS_US,/landing-page,True,,2026-06-29 03:49:40.735296
de33780f-7712-4ce6-84cc-e27c36480ff9,b6e9e109-778f-4d28-8916-321a0fa2c225,linkedin,CMP_LIVE_GASTECH_2026,/landing-page,True,,2026-06-25 14:49:40.735296
f06a0c1f-bc58-4008-bce6-33b60854e40f,10b7f2d0-65e6-4080-8e09-e7fee0c254a4,linkedin,CMP_PAST_MIDDLE_EAST,/landing-page,True,,2026-06-30 03:49:40.735296
0a94fe2e-97fe-4954-8fc0-c51a73e872e1,41466bfe-425e-409e-84be-4ee884912931,linkedin,CMP_PAST_O_M_2026,/landing-page,True,,2026-06-10 17:49:40.735296
54de061c-45a8-4e06-846a-7a139f6937bc,be30aa7d-ddb1-4291-b332-1bd674b8a7db,linkedin,CMP_PAST_O_M_2026,/landing-page,True,,2026-07-20 08:49:40.735296
7270c9d5-164f-4bb2-9b41-c1d8853ea941,9427862d-94e2-47c4-bcd5-6eebc0cffb1c,linkedin,CMP_LIVE_GASTECH_2026,/landing-page,True,,2026-07-01 16:49:40.735296
05cd9838-49c0-4af9-b408-a62498454553,0f9b4b4c-de8e-4eab-8834-a643987e4228,linkedin,CMP_LIVE_OTC_2026,/landing-page,True,,2026-07-06 11:49:40.735296
7ce2803f-7a33-46bd-98cf-e6dae5481f9b,fa236d67-1758-40de-8058-f183dacfea12,linkedin,CMP_PAST_MIDDLE_EAST,/landing-page,True,,2026-08-29 14:49:40.735296
95dcfc1d-bdd4-4cfd-836c-8434c13ffa34,a333597e-970a-4d29-b79f-9537b211e92f,linkedin,CMP_PAST_O_M_2026,/landing-page,True,,2026-07-27 06:49:40.735296
dffe0baa-9459-42eb-a6d8-1136952be093,643148d5-e3d8-45f4-8aff-9a54eafde1ae,linkedin,CMP_PAST_O_M_2026,/landing-page,True,,2026-06-10 02:49:40.735296
6f6fa7ef-277b-48aa-92f9-0a78aa4cda0c,079e989e-8182-452f-aa2d-0d622a5c5249,linkedin,CMP_LIVE_OTC_2026,/landing-page,True,,2026-07-22 11:49:40.735296
ba9c0b17-fcf5-4c00-8e38-f5da779b117c,f95bf749-a691-4e8b-8a42-bb1d4830e799,linkedin,CMP_LIVE_GASTECH_2026,/landing-page,True,,2026-06-18 08:49:40.735296
8d59bfa4-6ef4-4ae3-a03d-6906fc152512,53973946-202b-4e86-a5c8-476141627120,linkedin,CMP_PAST_MIDDLE_EAST,/landing-page,True,,2026-09-01 16:49:40.735296
64b03850-14f1-4493-b80a-75dd9fc13f1f,75b32f9e-5141-4bd4-bdf2-01b34561610b,linkedin,CMP_PAST_MIDDLE_EAST,/landing-page,True,,2026-08-12 20:49:40.735296
db72e34f-a4e6-4416-b340-8f7edccecd19,ee915feb-48f1-4eb5-9d30-cc0df698f40b,linkedin,CMP_PAST_O_M_2026,/landing-page,True,,2026-07-13 19:49:40.735296
85a71ffc-8120-49bf-aa12-ca96f6576933,cc6eb9de-735c-4ff4-abfe-7946ae0413bf,linkedin,CMP_PAST_O_M_2026,/landing-page,True,,2026-07-26 21:49:40.735296
3f319b43-1407-4a07-b2d4-d1fef29bdf43,0b747ffb-a2f9-4273-af9b-0e6d9790515d,linkedin,CMP_PAST_MIDDLE_EAST,/landing-page,True,,2026-06-08 18:49:40.735296
52194647-93ea-4b3c-8279-b9e6d5858a1b,ac89023c-1f4d-4dbe-9fd7-ae5384015dae,linkedin,CMP_LIVE_OTC_2026,/landing-page,True,,2026-08-23 12:49:40.735296
e8b95103-0abb-489e-b884-2958309e6141,475a76b3-88c9-44c1-ba9b-b02d3bd3e7c5,linkedin,CMP_LIVE_OTC_2026,/landing-page,True,,2026-08-20 16:49:40.735296
082214dd-495a-4a0c-9fc0-7a4869b63986,edb67617-ea0c-4318-ab35-374272999482,linkedin,CMP_LIVE_OTC_2026,/landing-page,True,,2026-08-08 01:49:40.735296
d5377f7b-82dd-40c0-9bee-cc080e0295a4,2bc24f77-6dd6-4f48-9896-96b9bf451732,linkedin,CMP_PAST_O_M_2026,/landing-page,True,,2026-07-09 20:49:40.735296
2ec6bf34-4a91-4130-85f7-18b922bcfa3a,41dfb1c5-7a55-4b5c-bdd4-fe149853eff0,linkedin,CMP_LIVE_OTC_2026,/landing-page,True,,2026-07-27 02:49:40.735296
cdef8b8e-ccae-4796-a140-26f73901d2fa,41d77589-6104-456e-a227-1fd7657cd6a9,linkedin,CMP_LIVE_OTC_2026,/landing-page,True,,2026-09-01 13:49:40.735296
f13fd3e4-7e3a-4282-9d3d-eb9ff9257a2d,a0a52419-177e-42c6-a449-13c6dcf3f328,linkedin,CMP_PAST_MIDDLE_EAST,/landing-page,True,,2026-06-06 02:49:40.735296
541ae5a6-9d26-4dd4-89dd-84d0ef23e612,14c17ad6-a435-4643-a4b5-e529d59fce26,linkedin,CMP_LIVE_OTC_2026,/landing-page,True,,2026-07-07 22:49:40.735296
09bdd5f9-225a-41e4-a25a-2ed01c3de6eb,59699bbb-689e-483b-97a6-7ec312ef1056,linkedin,CMP_LIVE_GASTECH_2026,/landing-page,True,,2026-06-23 04:49:40.735296
2c0bf0dc-4b4d-419d-852d-dbe8c9b2472e,0ed2c5c3-ecdc-463e-af42-3964e14884c0,linkedin,CMP_PAST_MIDDLE_EAST,/landing-page,True,,2026-08-20 20:49:40.735296
1a726e20-80a9-44c4-a198-378c82499e10,e7c64860-3541-4e90-9142-ac03cf10c00c,linkedin,CMP_PAST_O_M_2026,/landing-page,True,,2026-07-01 17:49:40.735296
e80d63a0-0697-406b-9f77-bf960036674d,bb6edfec-5ae5-46b9-832b-885cc93b49a0,linkedin,CMP_LIVE_GASTECH_2026,/landing-page,True,,2026-06-25 07:49:40.735296
8b79c073-76a0-45a9-915f-0b10d3651bc4,b2f3a22a-ce7e-4c1d-8f42-f7e5f8c59c48,linkedin,CMP_PAST_O_M_2026,/landing-page,True,,2026-07-03 00:49:40.735296
99419852-597a-4ad3-aeba-fc287e824582,0fd5e6eb-8e14-4716-a7b2-ede2fc6dbd60,linkedin,CMP_LIVE_OTC_2026,/landing-page,True,,2026-06-09 01:49:40.735296
6182d40b-bee5-4009-adf7-73cdf6cbfe7e,ed245eff-9ba1-414d-ac0b-9a3c503e08d1,linkedin,CMP_PAST_MIDDLE_EAST,/landing-page,True,,2026-06-28 16:49:40.735296
a429c2b5-9c27-4873-8507-334b83c308ca,d0964fd6-83fe-4e87-b487-318112a26f6a,linkedin,CMP_PAST_OIL_GAS_US,/landing-page,True,,2026-06-25 14:49:40.735296
629ed1a8-adfa-4faa-8c88-6262d100fd93,c3d4cb53-545a-4649-939c-4300af821b26,linkedin,CMP_LIVE_GASTECH_2026,/landing-page,True,,2026-07-12 01:49:40.735296
5838c6c3-832f-46c8-901d-9985517c0d4f,ed3bf803-ce89-465a-8264-451a9ba3d5c3,linkedin,CMP_PAST_MIDDLE_EAST,/landing-page,True,,2026-06-13 05:49:40.735296
9296ebf8-202b-4c77-bc39-9d4a71216ff8,4ceffcd7-9d74-4891-9666-cb00bdcb71ce,linkedin,CMP_PAST_OIL_GAS_US,/landing-page,True,,2026-09-01 11:49:40.735296
36a796ff-849c-4b72-a161-3962642f0f84,f6dc68dd-336b-46de-a102-a97001562122,linkedin,CMP_PAST_MIDDLE_EAST,/landing-page,True,,2026-07-05 05:49:40.735296
15185fae-bede-4924-916e-157e4afc442d,8a5a7373-198c-4baf-b4a4-bee9b650dd45,linkedin,CMP_PAST_OIL_GAS_US,/landing-page,True,,2026-08-05 22:49:40.735296
1d999108-7944-46c1-9390-a6d540116157,6ba75e09-acd7-4ccb-80ab-fc497e5da78f,linkedin,CMP_LIVE_OTC_2026,/landing-page,True,,2026-06-11 02:49:40.735296
c1abfc7f-8b02-4fff-8d80-ef7828777ce8,6450fbef-0f53-4a70-882a-bde98fa529d6,linkedin,CMP_PAST_OIL_GAS_US,/landing-page,True,,2026-07-16 03:49:40.735296
83199b9d-209c-43d9-8ee3-4a521bcc5382,d6d1443c-012d-4d65-911f-d186b73d73de,linkedin,CMP_LIVE_OTC_2026,/landing-page,True,,2026-08-13 21:49:40.735296
13f608ae-4fed-41bb-9900-2121e8a2d2b0,30ab19da-76b9-42cc-96c6-54adcdfea7eb,linkedin,CMP_PAST_MIDDLE_EAST,/landing-page,True,,2026-08-22 19:49:40.735296
beed95b4-9c9d-4bf9-9cb4-f07258915cb6,7d627614-d31f-4d96-969b-60a33fec89a6,linkedin,CMP_PAST_O_M_2026,/landing-page,True,,2026-08-09 11:49:40.735296
a9d0a48c-7c94-48cb-b66e-a098de2b4105,5266153d-3050-401b-8fb0-5f51679744e2,linkedin,CMP_PAST_OIL_GAS_US,/landing-page,True,,2026-07-12 01:49:40.735296
28412a99-1150-4c01-94ae-11b5a2d6dc0d,cf4d182f-2b30-4e4f-b15a-f6a37cc5941b,linkedin,CMP_LIVE_GASTECH_2026,/landing-page,True,,2026-06-24 15:49:40.735296
76539327-f0a6-4d1f-ae38-db1f76a879b3,4e817fae-5120-4fa8-9f93-6e204042c5eb,linkedin,CMP_LIVE_OTC_2026,/landing-page,True,,2026-08-01 05:49:40.735296
78ba6356-7b2e-41ef-8d36-fe0964158f05,db41c6d5-8375-4398-a848-4d387a3038bf,linkedin,CMP_LIVE_GASTECH_2026,/landing-page,True,,2026-07-01 15:49:40.735296
0135b846-acad-4ac3-8815-3cccb4fcc33f,21d98d92-93cd-42dc-97ed-97a38b514b08,linkedin,CMP_LIVE_OTC_2026,/landing-page,True,,2026-08-19 21:49:40.735296
a809fa49-13fd-40af-9c28-0c2f33ff1364,29fc3933-a45a-48f8-ba0b-5597fca0e161,linkedin,CMP_PAST_OIL_GAS_US,/landing-page,True,,2026-08-06 01:49:40.735296
c3a7925f-1124-4e50-9f53-ae34f6e2d989,ac690698-f410-46b8-8b06-4a5e117c5faa,linkedin,CMP_PAST_O_M_2026,/landing-page,True,,2026-07-20 15:49:40.735296
010acd11-c5c5-458d-8621-74ef12c66fca,b5f4794b-1ca1-46de-a02d-1030d6d16173,linkedin,CMP_PAST_O_M_2026,/landing-page,True,,2026-08-14 18:49:40.735296
164b6fe1-7e26-4bd3-ae63-b45fe8619019,e1860e2a-e2c1-4593-adb4-8dbe5ecb4ece,linkedin,CMP_LIVE_GASTECH_2026,/landing-page,True,,2026-08-20 18:49:40.735296
fdaa68b0-f5e0-473c-8d16-a23653978174,55d1cbcf-4504-43a3-8f80-e285f14c2b02,linkedin,CMP_LIVE_GASTECH_2026,/landing-page,True,,2026-07-09 02:49:40.735296
176228a9-3140-42b9-80df-05f52aefd450,043b3925-a1f4-4b76-96c6-5f8f145436f0,linkedin,CMP_LIVE_GASTECH_2026,/landing-page,True,,2026-06-16 21:49:40.735296
bf6a8fa5-7d6a-4690-886a-4f1606a6fb0d,f53bda19-c26b-4c6a-bdf5-29d909106c8b,linkedin,CMP_LIVE_GASTECH_2026,/landing-page,True,,2026-08-29 00:49:40.735296
c23ecd48-328f-4c5c-9410-131ca1fa62b6,684e9a9c-481e-4cac-ba12-6d870c8603de,linkedin,CMP_PAST_OIL_GAS_US,/landing-page,True,,2026-08-19 10:49:40.735296
dc20e160-a8a8-4e16-8265-a06f0a5c3682,83015436-fde4-4e94-8a5f-a750e200a8c2,linkedin,CMP_PAST_MIDDLE_EAST,/landing-page,True,,2026-07-27 18:49:40.735296
9c587daa-2c64-41bf-bae6-aebef325ee6f,d026ab89-faff-4181-a6ff-efb833913ff4,linkedin,CMP_LIVE_GASTECH_2026,/landing-page,True,,2026-07-01 17:49:40.735296
40e18e4f-58a5-4178-928e-f9b727904aa6,bd918235-1eef-41b9-b726-9d353c87d845,linkedin,CMP_LIVE_OTC_2026,/landing-page,True,,2026-07-19 06:49:40.735296
8b3da82f-18ac-4404-bb09-359f9973affc,bcce4462-fe72-4874-9184-db14005d23d7,linkedin,CMP_PAST_MIDDLE_EAST,/landing-page,True,,2026-08-09 02:49:40.735296
