event_id,campaign_id,ad_id,click_id,utm_source,spend_consumed,timestamp
86f9e7ce-73e3-4711-84f0-6e7b5204f796,CMP_LIVE_HYDROGEN_INFRASTRUCTURE,li-ad-hydrogen_infrastructure-5,cookie_1,linkedin,551.09,2026-03-30 05:20:14.971412
d3d448bb-3027-4ffa-9891-0605cf70d037,CMP_LIVE_DIGITAL_TWIN,li-ad-digital_twin-5,cookie_5,linkedin,858.34,2026-07-16 17:02:52.971412
c576824b-14ee-44b8-8394-a7dd67f93660,CMP_PAST_ASSET_OPTIMIZATION,li-ad-asset_optimization-1,cookie_6,linkedin,1094.02,2025-03-20 17:10:44.971412
31edc1e3-c525-415a-b783-3d64b3073c90,CMP_PAST_ASSET_OPTIMIZATION,li-ad-asset_optimization-2,cookie_6,linkedin,516.44,2025-05-10 01:49:03.971412
42532575-4654-4a13-85e0-45aab90fa6b8,CMP_PAST_ASSET_OPTIMIZATION,li-ad-asset_optimization-7,cookie_6,linkedin,1271.38,2026-01-11 01:47:12.971412
ff157f96-e64f-4de5-b8ff-0823714385b2,CMP_LIVE_DIGITAL_TWIN,li-ad-digital_twin-1,cookie_8,linkedin,512.6,2026-01-11 10:59:38.971412
d2eb2cd5-6735-4c79-9f25-5e33c0eee8d0,CMP_LIVE_DECARBONIZATION_25_26,li-ad-live_decarbonization_25_26-4,cookie_9,linkedin,1186.85,2026-09-08 23:22:18.971412
1d5acc2a-aa79-41df-917e-27cbff37a231,CMP_LIVE_DECARBONIZATION_25_26,li-ad-live_decarbonization_25_26-1,cookie_9,linkedin,1470.26,2026-04-05 05:18:46.971412
7d3e66e9-5cfa-4383-a53a-c1b6b9287a29,CMP_PAST_ASSET_OPTIMIZATION,li-ad-asset_optimization-1,cookie_10,linkedin,970.74,2025-03-16 01:33:47.971412
da3c34d2-7164-4e26-954c-9fcad0370295,CMP_PAST_ASSET_OPTIMIZATION,li-ad-asset_optimization-5,cookie_11,linkedin,1310.02,2025-10-10 12:16:27.971412
cf55024c-bcf6-4403-9307-ee528eaab8de,CMP_PAST_ASSET_OPTIMIZATION,li-ad-asset_optimization-7,cookie_11,linkedin,355.99,2026-01-11 02:40:55.971412
66e5a8f7-9f10-46d2-a4c6-9d2d03a34b4e,CMP_PAST_SUSTAINABLE_ENGINEERING,li-ad-sustainable_engineering-1,cookie_14,linkedin,1251.77,2025-06-26 00:40:20.971412
cfa9f29e-8c00-4eb8-b2e1-fe750937ee73,CMP_PAST_SUSTAINABLE_ENGINEERING,li-ad-sustainable_engineering-5,cookie_14,linkedin,934.84,2026-01-30 11:44:38.971412
b771f373-f0ec-4a9f-aa7e-678bb6e2c39c,CMP_PAST_SUSTAINABLE_ENGINEERING,li-ad-sustainable_engineering-6,cookie_14,linkedin,1189.72,2026-02-23 22:06:03.971412
10f2add8-47c9-4497-b203-e68d47b9c193,CMP_PAST_SUSTAINABLE_ENGINEERING,li-ad-sustainable_engineering-7,cookie_15,linkedin,1184.39,2026-04-10 11:04:50.971412
9edb3e77-6f2f-433e-b676-53fccb3ef46a,CMP_PAST_SUSTAINABLE_ENGINEERING,li-ad-sustainable_engineering-5,cookie_16,linkedin,742.53,2026-01-09 01:47:14.971412
4db240a2-cfc1-4f8e-b894-d7e38e84e0be,CMP_LIVE_HYDROGEN_INFRASTRUCTURE,li-ad-hydrogen_infrastructure-1,cookie_17,linkedin,1437.01,2025-10-05 15:17:09.971412
64040e12-7eda-4c32-a938-5befa5cde20b,CMP_LIVE_DECARBONIZATION_25_26,li-ad-live_decarbonization_25_26-2,cookie_19,linkedin,1173.26,2026-05-23 03:14:25.971412
7327834a-84bd-4035-bb14-387e99f9a1c7,CMP_LIVE_HYDROGEN_INFRASTRUCTURE,li-ad-hydrogen_infrastructure-8,cookie_20,linkedin,331.68,2026-09-06 01:47:41.971412
23dacbd9-227b-4541-932b-851dace451de,CMP_LIVE_HYDROGEN_INFRASTRUCTURE,li-ad-hydrogen_infrastructure-1,cookie_20,linkedin,398.06,2025-11-03 23:45:06.971412
08fe418c-a685-44fa-b090-7af64ba03a07,CMP_LIVE_DECARBONIZATION_25_26,li-ad-live_decarbonization_25_26-2,cookie_22,linkedin,457.4,2026-05-23 01:48:53.971412
3c7978d9-cf06-48ba-92ed-91fd52c40a40,CMP_LIVE_DECARBONIZATION_25_26,li-ad-live_decarbonization_25_26-4,cookie_22,linkedin,970.31,2026-09-08 12:42:46.971412
2b4101e1-125d-4df4-bdb6-fffedae24bc4,CMP_PAST_ASSET_OPTIMIZATION,li-ad-asset_optimization-5,cookie_23,linkedin,1137.23,2025-10-28 10:38:19.971412
a464d22b-6cae-449b-b318-5ca929b7c170,CMP_PAST_ASSET_OPTIMIZATION,li-ad-asset_optimization-7,cookie_26,linkedin,546.51,2026-01-13 12:39:56.971412
5a38bb7a-592e-483f-91ef-eeb5a929ff69,CMP_PAST_ASSET_OPTIMIZATION,li-ad-asset_optimization-3,cookie_26,linkedin,469.55,2025-07-07 02:56:14.971412
0987cd3e-b509-4c14-92a4-57e082157f71,CMP_LIVE_DIGITAL_TWIN,li-ad-digital_twin-4,cookie_28,linkedin,515.13,2026-05-17 01:51:46.971412
7542ab14-fb12-46b5-a8a9-5fce2cdb046b,CMP_LIVE_DIGITAL_TWIN,li-ad-digital_twin-2,cookie_28,linkedin,1237.48,2026-02-11 01:47:12.971412
af911bc7-93f0-4910-b3c3-224c46ee41ff,CMP_PAST_ASSET_OPTIMIZATION,li-ad-asset_optimization-5,cookie_30,linkedin,881.94,2025-10-10 09:57:16.971412
e28c6619-aba7-4215-b105-f2da78e39f59,CMP_PAST_ASSET_OPTIMIZATION,li-ad-asset_optimization-5,cookie_31,linkedin,379.5,2025-10-10 12:04:46.971412
8e5d0d0b-b3bc-4cc5-8d08-401f0f3bfe2b,CMP_LIVE_HYDROGEN_INFRASTRUCTURE,li-ad-hydrogen_infrastructure-1,cookie_32,linkedin,1072.29,2025-09-27 06:20:19.971412
fdc786f7-6ba3-4866-bc47-af9cf259a2e2,CMP_LIVE_DECARBONIZATION_25_26,li-ad-live_decarbonization_25_26-2,cookie_33,linkedin,1022.66,2026-06-10 15:05:10.971412
245bfe5d-4709-4176-8e65-0ab8632be34d,CMP_LIVE_HYDROGEN_INFRASTRUCTURE,li-ad-hydrogen_infrastructure-5,cookie_35,linkedin,1054.37,2026-04-03 11:11:01.971412
27d98fe8-44ef-4b33-bb19-60f9d2b6d9a1,CMP_LIVE_DECARBONIZATION_25_26,li-ad-live_decarbonization_25_26-3,cookie_36,linkedin,857.84,2026-08-17 08:50:55.971412
eaf2d3a9-d451-4640-9be3-45b3b67521f5,CMP_PAST_ASSET_OPTIMIZATION,li-ad-asset_optimization-4,cookie_39,linkedin,877.51,2025-08-20 01:47:43.971412
a87b4586-3e92-4e66-9939-d49dbd890810,CMP_PAST_ASSET_OPTIMIZATION,li-ad-asset_optimization-7,cookie_39,linkedin,1239.23,2026-01-19 02:31:36.971412
07afa6b2-1a44-423b-8ec8-16e959bb590d,CMP_PAST_SUSTAINABLE_ENGINEERING,li-ad-sustainable_engineering-3,cookie_42,linkedin,894.23,2025-10-24 05:27:36.971412
5b2c6d12-c6e6-451e-966a-a70440999f87,CMP_PAST_SUSTAINABLE_ENGINEERING,li-ad-sustainable_engineering-6,cookie_42,linkedin,295.78,2026-02-24 08:01:43.971412
ab481568-a060-40a5-8b27-a94a98c92a68,CMP_LIVE_DIGITAL_TWIN,li-ad-digital_twin-1,cookie_43,linkedin,757.76,2025-12-22 04:57:39.971412
50868910-de5b-4e51-b437-3254e6036574,CMP_PAST_SUSTAINABLE_ENGINEERING,li-ad-sustainable_engineering-2,cookie_44,linkedin,1097.61,2025-09-03 10:01:52.971412
311d59c3-302e-4736-8ad5-40a622de5f4c,CMP_PAST_ASSET_OPTIMIZATION,li-ad-asset_optimization-6,cookie_47,linkedin,701.87,2025-11-23 02:46:43.971412
16311d9f-e5a2-45a9-895c-84f8913e794c,CMP_LIVE_DECARBONIZATION_25_26,li-ad-live_decarbonization_25_26-1,cookie_48,linkedin,1499.49,2026-03-11 11:40:11.971412
9328b6fe-5545-4bf9-9843-c8bdc6fe18fc,CMP_LIVE_DIGITAL_TWIN,li-ad-digital_twin-2,cookie_49,linkedin,1426.13,2026-02-11 17:16:09.971412
c20e9988-dba4-4d7f-a032-dc8b60ea6be6,CMP_LIVE_DIGITAL_TWIN,li-ad-digital_twin-1,cookie_49,linkedin,1043.82,2025-12-13 06:02:47.971412
f4f7bd70-a759-45c6-965f-6038f4aadd49,CMP_LIVE_HYDROGEN_INFRASTRUCTURE,li-ad-hydrogen_infrastructure-7,cookie_50,linkedin,1331.63,2026-07-14 05:53:23.971412
ab9be372-49d0-4339-bc04-3ec01976c58a,CMP_LIVE_HYDROGEN_INFRASTRUCTURE,li-ad-hydrogen_infrastructure-2,cookie_50,linkedin,310.82,2025-11-06 06:50:52.971412
f509b6c5-ee4e-4534-9d39-fdb7b170064c,CMP_PAST_SUSTAINABLE_ENGINEERING,li-ad-sustainable_engineering-6,cookie_51,linkedin,754.07,2026-02-22 21:07:09.971412
73877e69-c24f-42fa-8b41-1957a094024e,CMP_LIVE_DECARBONIZATION_25_26,li-ad-live_decarbonization_25_26-2,cookie_52,linkedin,1016.34,2026-05-23 14:16:54.971412
ad9c5b3b-282f-4ca4-895d-01a565778a44,CMP_LIVE_DECARBONIZATION_25_26,li-ad-live_decarbonization_25_26-4,cookie_52,linkedin,1151.75,2026-09-08 04:27:30.971412
e29064a3-e14a-4abc-b5da-9d459c280020,CMP_LIVE_HYDROGEN_INFRASTRUCTURE,li-ad-hydrogen_infrastructure-8,cookie_54,linkedin,677.91,2026-09-07 11:00:39.971412
7f8d13e6-1417-43d7-8268-0fc00bc33c2e,CMP_LIVE_HYDROGEN_INFRASTRUCTURE,li-ad-hydrogen_infrastructure-3,cookie_54,linkedin,531.08,2026-01-03 10:33:18.971412
9a95ada3-3a2b-4309-9a94-d5d6f95a8254,CMP_LIVE_HYDROGEN_INFRASTRUCTURE,li-ad-hydrogen_infrastructure-4,cookie_54,linkedin,1131.13,2026-02-25 23:45:38.971412
2a167cd1-1214-4360-b577-9f18cdf3f3ab,CMP_LIVE_HYDROGEN_INFRASTRUCTURE,li-ad-hydrogen_infrastructure-6,cookie_54,linkedin,1443.26,2026-06-12 06:13:29.971412
4b22f7e6-3b2f-4e1c-b94a-17f8e9a51814,CMP_PAST_SUSTAINABLE_ENGINEERING,li-ad-sustainable_engineering-3,cookie_56,linkedin,323.95,2025-09-20 08:57:12.971412
ab09897f-0fec-4b31-bd4a-31571e91ce9d,CMP_PAST_SUSTAINABLE_ENGINEERING,li-ad-sustainable_engineering-2,cookie_56,linkedin,1297.01,2025-08-12 10:43:16.971412
9bbbe252-a8f4-4690-bdc9-8320d747f24b,CMP_PAST_SUSTAINABLE_ENGINEERING,li-ad-sustainable_engineering-1,cookie_56,linkedin,746.24,2025-08-07 13:37:14.971412
4db14f33-42dc-4c57-9906-680251112b7f,CMP_PAST_SUSTAINABLE_ENGINEERING,li-ad-sustainable_engineering-4,cookie_56,linkedin,1003.48,2025-11-17 10:20:55.971412
6ac7e693-644f-423d-8fa9-771296f841ab,CMP_PAST_SUSTAINABLE_ENGINEERING,li-ad-sustainable_engineering-6,cookie_56,linkedin,1486.37,2026-02-22 08:52:05.971412
1ba8f982-e0ef-4ad5-823f-86f302881557,CMP_PAST_SUSTAINABLE_ENGINEERING,li-ad-sustainable_engineering-7,cookie_56,linkedin,966.1,2026-04-14 06:05:31.971412
6763c539-06b0-45b4-be07-ae95842bd031,CMP_PAST_SUSTAINABLE_ENGINEERING,li-ad-sustainable_engineering-5,cookie_56,linkedin,1048.39,2026-01-19 07:00:14.971412
26b2cb19-48ec-4799-9193-30ee0ea4983a,CMP_LIVE_DIGITAL_TWIN,li-ad-digital_twin-2,cookie_57,linkedin,437.32,2026-02-15 21:58:05.971412
31a55a21-c0f9-49dd-abb9-c0aaec28352c,CMP_LIVE_HYDROGEN_INFRASTRUCTURE,li-ad-hydrogen_infrastructure-7,cookie_58,linkedin,1455.18,2026-07-14 01:49:53.971412
f9587255-54dd-44ac-800d-2309dcc6dce0,CMP_LIVE_HYDROGEN_INFRASTRUCTURE,li-ad-hydrogen_infrastructure-2,cookie_58,linkedin,684.71,2025-11-09 06:48:01.971412
3baa2a63-90a0-4a1e-8217-2d78aa1d9e9d,CMP_LIVE_HYDROGEN_INFRASTRUCTURE,li-ad-hydrogen_infrastructure-3,cookie_58,linkedin,752.83,2026-01-12 14:35:23.971412
75b4a652-7262-435e-acc1-c6f7f0510da8,CMP_LIVE_HYDROGEN_INFRASTRUCTURE,li-ad-hydrogen_infrastructure-4,cookie_58,linkedin,1164.4,2026-03-02 00:07:06.971412
f4cb5810-5c8b-4be2-918e-de0b9eff2328,CMP_LIVE_DIGITAL_TWIN,li-ad-digital_twin-5,cookie_59,linkedin,735.52,2026-07-11 14:59:54.971412
76064da2-c3b7-4053-ad91-a3e2ac34d468,CMP_PAST_SUSTAINABLE_ENGINEERING,li-ad-sustainable_engineering-2,cookie_61,linkedin,1335.15,2025-08-11 03:56:39.971412
ec992787-f32d-4c76-a9b9-6a87e3c0979f,CMP_PAST_SUSTAINABLE_ENGINEERING,li-ad-sustainable_engineering-5,cookie_61,linkedin,1405.2,2026-01-09 07:37:11.971412
f2a49258-af54-4892-abd8-a745c5290116,CMP_LIVE_DIGITAL_TWIN,li-ad-digital_twin-3,cookie_65,linkedin,788.07,2026-05-04 05:07:36.971412
7e986646-d7f4-4a1d-91e9-0f7e0c32ebe7,CMP_LIVE_HYDROGEN_INFRASTRUCTURE,li-ad-hydrogen_infrastructure-8,cookie_66,linkedin,769.97,2026-09-06 01:47:32.971412
83f52320-0199-4884-b9ce-eb09ab742d3a,CMP_PAST_SUSTAINABLE_ENGINEERING,li-ad-sustainable_engineering-4,cookie_67,linkedin,736.04,2025-11-22 14:37:11.971412
0041d6af-da86-481e-ada0-f0e4d685153a,CMP_PAST_SUSTAINABLE_ENGINEERING,li-ad-sustainable_engineering-6,cookie_67,linkedin,761.42,2026-03-02 06:14:28.971412
9cbc3454-6e32-4479-8b57-fcea9f3782c0,CMP_PAST_ASSET_OPTIMIZATION,li-ad-asset_optimization-5,cookie_69,linkedin,1099.12,2025-11-21 12:26:51.971412
22269cfd-960c-4b32-b8c0-baf99f3fe2af,CMP_PAST_ASSET_OPTIMIZATION,li-ad-asset_optimization-6,cookie_69,linkedin,1460.16,2025-11-24 04:48:30.971412
2a3947ae-adb6-4204-9342-4a536dffdb93,CMP_PAST_ASSET_OPTIMIZATION,li-ad-asset_optimization-1,cookie_69,linkedin,562.99,2025-03-23 08:04:27.971412
5d2e4b7f-c760-4931-85ca-a8adad1525b1,CMP_LIVE_DECARBONIZATION_25_26,li-ad-live_decarbonization_25_26-2,cookie_71,linkedin,390.93,2026-05-25 18:34:05.971412
96aabbe7-b37b-43e9-a142-a390b0cd527a,CMP_LIVE_DECARBONIZATION_25_26,li-ad-live_decarbonization_25_26-1,cookie_71,linkedin,1417.41,2026-04-22 18:13:28.971412
47e3671a-f8db-46ee-acf8-1856f5b2896f,CMP_LIVE_DIGITAL_TWIN,li-ad-digital_twin-2,cookie_73,linkedin,738.41,2026-02-14 19:11:19.971412
12af2903-7a34-4ee0-a2a9-3d831c13ac27,CMP_LIVE_DIGITAL_TWIN,li-ad-digital_twin-2,cookie_74,linkedin,1321.86,2026-03-16 21:43:17.971412
1f1ae24f-6593-455f-8e86-d975a9a1cc63,CMP_LIVE_DIGITAL_TWIN,li-ad-digital_twin-5,cookie_74,linkedin,831.37,2026-07-08 01:48:39.971412
34160bbb-fb1e-44ed-8c3f-75435bb76ffd,CMP_LIVE_DIGITAL_TWIN,li-ad-digital_twin-3,cookie_74,linkedin,366.28,2026-04-06 14:47:48.971412
e11a3464-8cad-48b7-a9d8-dc9cd66e8d78,CMP_LIVE_DIGITAL_TWIN,li-ad-digital_twin-6,cookie_74,linkedin,1369.47,2026-08-22 13:39:48.971412
ad9d9262-6ba7-4622-818e-8d8f4f142f41,CMP_LIVE_DIGITAL_TWIN,li-ad-digital_twin-1,cookie_74,linkedin,1313.64,2025-12-13 09:36:12.971412
8f2f9ab9-5b81-4118-8e5f-76dd8f0b1867,CMP_LIVE_DIGITAL_TWIN,li-ad-digital_twin-4,cookie_74,linkedin,1169.19,2026-05-27 22:10:17.971412
080bb678-1b4c-457e-985a-d56083bcddbe,CMP_LIVE_DECARBONIZATION_25_26,li-ad-live_decarbonization_25_26-1,cookie_75,linkedin,1107.57,2026-03-11 02:27:11.971412
7f9fce59-be75-4472-8f99-785a647d17d8,CMP_LIVE_DECARBONIZATION_25_26,li-ad-live_decarbonization_25_26-3,cookie_75,linkedin,1096.48,2026-07-15 04:51:13.971412
f1350518-0b62-453d-ae0c-d7b0ab125ffa,CMP_PAST_ASSET_OPTIMIZATION,li-ad-asset_optimization-4,cookie_76,linkedin,469.45,2025-08-23 23:04:24.971412
adb45c1b-894c-4df1-af9c-11f30e25d1e3,CMP_LIVE_DECARBONIZATION_25_26,li-ad-live_decarbonization_25_26-2,cookie_77,linkedin,380.14,2026-05-30 14:34:51.971412
b3346940-e44d-431e-929f-a7ff8f2282c5,CMP_LIVE_DECARBONIZATION_25_26,li-ad-live_decarbonization_25_26-1,cookie_77,linkedin,1453.85,2026-03-18 10:42:02.971412
efa6fd57-72e2-444e-af08-647c59ce364f,CMP_LIVE_DECARBONIZATION_25_26,li-ad-live_decarbonization_25_26-1,cookie_80,linkedin,1481.6,2026-03-11 15:52:27.971412
f194445b-841e-449e-b7ad-f1f40807a000,CMP_LIVE_DECARBONIZATION_25_26,li-ad-live_decarbonization_25_26-4,cookie_80,linkedin,1428.05,2026-09-08 01:47:12.971412
e102ac8c-6aee-4f9e-bc6d-46d69a7c08a2,CMP_LIVE_HYDROGEN_INFRASTRUCTURE,li-ad-hydrogen_infrastructure-8,cookie_81,linkedin,635.44,2026-09-07 02:06:58.971412
01ae1815-7b54-454c-a8eb-c2e9d8921afc,CMP_LIVE_HYDROGEN_INFRASTRUCTURE,li-ad-hydrogen_infrastructure-4,cookie_81,linkedin,1278.21,2026-02-10 03:34:55.971412
80d1fc5d-dce0-4c91-a1c3-e3d0e987a725,CMP_LIVE_DECARBONIZATION_25_26,li-ad-live_decarbonization_25_26-2,cookie_82,linkedin,1467.77,2026-05-23 02:08:20.971412
736b7e96-72a4-4aae-8f6d-d06984879722,CMP_LIVE_DECARBONIZATION_25_26,li-ad-live_decarbonization_25_26-1,cookie_82,linkedin,561.86,2026-04-02 03:47:17.971412
bb43a6f1-00d0-4479-9bcd-46a6cebe396d,CMP_LIVE_DECARBONIZATION_25_26,li-ad-live_decarbonization_25_26-3,cookie_85,linkedin,896.62,2026-07-12 03:08:46.971412
24244022-b92b-4c65-9a92-8ed7f88a3442,CMP_LIVE_HYDROGEN_INFRASTRUCTURE,li-ad-hydrogen_infrastructure-7,cookie_86,linkedin,294.15,2026-07-15 02:19:57.971412
2efc4766-c0ab-4660-99ef-d6987b7e17f8,CMP_LIVE_HYDROGEN_INFRASTRUCTURE,li-ad-hydrogen_infrastructure-5,cookie_86,linkedin,1025.82,2026-04-04 04:16:08.971412
07762584-f677-4c49-975f-9cfe3da197da,CMP_PAST_ASSET_OPTIMIZATION,li-ad-asset_optimization-4,cookie_87,linkedin,766.38,2025-08-23 14:54:00.971412
6e311d99-3bae-4bad-ba88-e1c6b434e688,CMP_PAST_ASSET_OPTIMIZATION,li-ad-asset_optimization-2,cookie_87,linkedin,500.37,2025-05-10 02:10:16.971412
9383a5b3-7950-4820-b9cd-5d00e442fc0b,CMP_LIVE_HYDROGEN_INFRASTRUCTURE,li-ad-hydrogen_infrastructure-4,cookie_89,linkedin,987.12,2026-02-23 03:23:46.971412
e3747edd-a2ff-400c-bf14-6bd4a781d6d5,CMP_PAST_ASSET_OPTIMIZATION,li-ad-asset_optimization-7,cookie_91,linkedin,867.63,2026-01-15 23:09:01.971412
2b670046-b97d-4b46-b280-081859abaebd,CMP_PAST_ASSET_OPTIMIZATION,li-ad-asset_optimization-5,cookie_91,linkedin,1154.47,2025-10-10 01:49:15.971412
26b126b2-2d36-40d3-930c-78308ed4b6aa,CMP_PAST_ASSET_OPTIMIZATION,li-ad-asset_optimization-2,cookie_91,linkedin,1471.61,2025-05-12 00:47:29.971412
71ff462b-00da-4a1a-8b8e-8d73f9e9619c,CMP_PAST_ASSET_OPTIMIZATION,li-ad-asset_optimization-4,cookie_91,linkedin,1112.38,2025-09-11 00:34:58.971412
98138f2c-d8fa-49a8-838c-0e9ef6222a1f,CMP_PAST_ASSET_OPTIMIZATION,li-ad-asset_optimization-6,cookie_91,linkedin,413.32,2026-01-02 11:33:23.971412
c3f6be6a-a56a-47c8-a454-78bf326131e7,CMP_PAST_ASSET_OPTIMIZATION,li-ad-asset_optimization-1,cookie_91,linkedin,800.86,2025-04-12 00:06:17.971412
690da882-acc7-44c8-ba0b-86b10510bf2a,CMP_PAST_ASSET_OPTIMIZATION,li-ad-asset_optimization-3,cookie_91,linkedin,1336.77,2025-07-16 18:32:02.971412
e7466fae-e4e2-4b02-beaa-e41ce5006aec,CMP_LIVE_DIGITAL_TWIN,li-ad-digital_twin-3,cookie_92,linkedin,717.36,2026-03-30 02:57:50.971412
48378997-20c9-49fe-b770-c1974d71b3a8,CMP_PAST_SUSTAINABLE_ENGINEERING,li-ad-sustainable_engineering-1,cookie_93,linkedin,310.71,2025-06-27 15:14:18.971412
5201d1ce-dc2c-4f9f-82f2-4577efa91aef,CMP_PAST_SUSTAINABLE_ENGINEERING,li-ad-sustainable_engineering-6,cookie_93,linkedin,885.42,2026-02-24 12:31:52.971412
1a1e29a3-03ad-4b45-a19f-33a914863c24,CMP_PAST_SUSTAINABLE_ENGINEERING,li-ad-sustainable_engineering-3,cookie_93,linkedin,467.06,2025-09-30 09:10:53.971412
a044c9ce-1b6a-42ac-9f96-69ef4bc77975,CMP_PAST_ASSET_OPTIMIZATION,li-ad-asset_optimization-4,cookie_94,linkedin,1235.14,2025-08-21 10:18:26.971412
db42a16f-25fa-4841-8438-3205da5bbcdc,CMP_LIVE_HYDROGEN_INFRASTRUCTURE,li-ad-hydrogen_infrastructure-1,cookie_96,linkedin,682.51,2025-09-21 01:58:25.971412
85f2bd65-509e-4bfe-8403-db60d03d462e,CMP_LIVE_HYDROGEN_INFRASTRUCTURE,li-ad-hydrogen_infrastructure-1,cookie_100,linkedin,943.84,2025-09-25 07:10:15.971412
5965abe6-d2e5-4983-8a2c-ebc0c642e720,CMP_LIVE_HYDROGEN_INFRASTRUCTURE,li-ad-hydrogen_infrastructure-8,cookie_100,linkedin,1487.6,2026-09-06 17:03:31.971412
09ee0814-4d25-4d5b-8a5f-191d4f82f3f5,CMP_LIVE_HYDROGEN_INFRASTRUCTURE,li-ad-hydrogen_infrastructure-3,cookie_100,linkedin,557.72,2025-12-30 01:47:12.971412
edcfd4c6-9844-4c1c-b73b-844f35a6ef9a,CMP_LIVE_HYDROGEN_INFRASTRUCTURE,li-ad-hydrogen_infrastructure-8,cookie_101,linkedin,1218.46,2026-09-06 03:40:29.971412
12859c9c-662e-4538-834f-70e3f6b64aca,CMP_PAST_ASSET_OPTIMIZATION,li-ad-asset_optimization-7,cookie_103,linkedin,288.99,2026-01-14 01:14:50.971412
6963e786-4b9b-461b-9360-a3e4bfcce702,CMP_PAST_SUSTAINABLE_ENGINEERING,li-ad-sustainable_engineering-5,cookie_104,linkedin,1367.48,2026-01-09 06:46:08.971412
be448704-06d3-4ce9-ac4e-40ada43b3906,CMP_LIVE_DECARBONIZATION_25_26,li-ad-live_decarbonization_25_26-3,cookie_105,linkedin,1397.38,2026-07-13 02:17:12.971412
f8a1ae12-a8d2-459c-b238-ccf756578f6f,CMP_LIVE_DECARBONIZATION_25_26,li-ad-live_decarbonization_25_26-1,cookie_105,linkedin,655.09,2026-04-21 16:20:40.971412
17cf0ffa-fcbc-4076-93fd-cfa9b1f468b2,CMP_LIVE_DECARBONIZATION_25_26,li-ad-live_decarbonization_25_26-2,cookie_105,linkedin,720.41,2026-05-26 06:44:40.971412
88ab4db0-340e-4d5b-b10c-ba148ab11021,CMP_LIVE_DECARBONIZATION_25_26,li-ad-live_decarbonization_25_26-4,cookie_105,linkedin,1334.65,2026-09-08 02:09:32.971412
285714f0-5d4b-49ad-b7b3-6e7a10dfac08,CMP_LIVE_DIGITAL_TWIN,li-ad-digital_twin-5,cookie_108,linkedin,1371.21,2026-07-29 04:14:32.971412
39d7b729-5fb2-424d-a9e5-a7dcc9a4f4ba,CMP_PAST_ASSET_OPTIMIZATION,li-ad-asset_optimization-5,cookie_109,linkedin,1131.87,2025-10-10 16:58:23.971412
6be026b0-9a41-4644-a907-b763365d65c1,CMP_LIVE_DIGITAL_TWIN,li-ad-digital_twin-5,cookie_110,linkedin,803.46,2026-07-08 06:00:53.971412
2418208d-8647-4c6f-8785-4d7d16c7d0aa,CMP_LIVE_DIGITAL_TWIN,li-ad-digital_twin-4,cookie_110,linkedin,1370.65,2026-05-26 18:52:45.971412
9fcce873-72a4-4842-8d4c-05f988e9203b,CMP_LIVE_DIGITAL_TWIN,li-ad-digital_twin-6,cookie_110,linkedin,334.44,2026-08-22 01:51:40.971412
8e9097ae-923c-4963-8444-be6c62c58ff5,CMP_LIVE_DECARBONIZATION_25_26,li-ad-live_decarbonization_25_26-3,cookie_111,linkedin,1182.7,2026-07-12 02:59:31.971412
4e203e28-da53-4ca5-a9e8-e361a82cb02e,CMP_LIVE_DECARBONIZATION_25_26,li-ad-live_decarbonization_25_26-1,cookie_111,linkedin,499.58,2026-03-13 20:44:52.971412
8dd55fe3-c20e-4814-9735-ddded3d2249e,CMP_LIVE_HYDROGEN_INFRASTRUCTURE,li-ad-hydrogen_infrastructure-5,cookie_114,linkedin,964.26,2026-03-31 22:21:39.971412
b597a282-3544-47cb-a058-41051ae6b6a9,CMP_LIVE_HYDROGEN_INFRASTRUCTURE,li-ad-hydrogen_infrastructure-7,cookie_114,linkedin,374.84,2026-07-14 04:44:03.971412
00eb8e18-9f59-456e-92a3-b0b69375d44e,CMP_PAST_ASSET_OPTIMIZATION,li-ad-asset_optimization-5,cookie_118,linkedin,1461.93,2025-10-11 20:04:43.971412
73e5ca00-2806-416a-8c0f-1016f25b79d0,CMP_PAST_ASSET_OPTIMIZATION,li-ad-asset_optimization-4,cookie_118,linkedin,1049.41,2025-08-23 10:52:29.971412
7b5cce64-d85a-4e7a-93b5-e18d2ae7d8f2,CMP_LIVE_HYDROGEN_INFRASTRUCTURE,li-ad-hydrogen_infrastructure-8,cookie_119,linkedin,1207.34,2026-09-06 02:10:24.971412
5280fc62-6cb0-4f9a-8b48-189e12f51a39,CMP_LIVE_HYDROGEN_INFRASTRUCTURE,li-ad-hydrogen_infrastructure-2,cookie_119,linkedin,387.95,2025-11-01 02:09:46.971412
ee21cf98-9d28-4082-baa8-a61c65a254ba,CMP_LIVE_DIGITAL_TWIN,li-ad-digital_twin-4,cookie_121,linkedin,1242.81,2026-06-06 14:55:23.971412
4574d033-52cf-4555-a136-9e1513f08692,CMP_LIVE_DIGITAL_TWIN,li-ad-digital_twin-3,cookie_121,linkedin,815.5,2026-03-26 19:55:41.971412
10ea4bbb-8047-40e4-89f3-72e69d0e45af,CMP_LIVE_DIGITAL_TWIN,li-ad-digital_twin-1,cookie_121,linkedin,1478.7,2025-12-25 14:20:19.971412
b45ab4e7-a0eb-4585-b0c4-3b0a9bb4ca6c,CMP_LIVE_DIGITAL_TWIN,li-ad-digital_twin-2,cookie_121,linkedin,277.13,2026-03-07 04:53:01.971412
bfa19cad-74a5-4f45-b946-06764dc4500b,CMP_LIVE_HYDROGEN_INFRASTRUCTURE,li-ad-hydrogen_infrastructure-6,cookie_123,linkedin,1271.43,2026-05-23 17:36:48.971412
7bd26dc9-0ac6-4c57-a324-d6ff78645d22,CMP_PAST_SUSTAINABLE_ENGINEERING,li-ad-sustainable_engineering-2,cookie_126,linkedin,1275.17,2025-09-05 16:58:28.971412
39254bf4-7026-4b78-ac0a-62071d74b73c,CMP_PAST_ASSET_OPTIMIZATION,li-ad-asset_optimization-6,cookie_127,linkedin,272.99,2025-12-03 19:15:18.971412
b5fcc8d4-c10b-4ee5-98c2-0dbb58c9088c,CMP_PAST_ASSET_OPTIMIZATION,li-ad-asset_optimization-7,cookie_127,linkedin,1474.74,2026-01-12 01:53:33.971412
2b6898f4-b2ec-42a4-a54b-ddef271bfb6f,CMP_PAST_ASSET_OPTIMIZATION,li-ad-asset_optimization-2,cookie_127,linkedin,956.06,2025-05-18 10:04:25.971412
1d003ef5-0845-41a8-8801-1ecebb1f2a38,CMP_LIVE_DECARBONIZATION_25_26,li-ad-live_decarbonization_25_26-1,cookie_131,linkedin,895.16,2026-03-15 10:15:56.971412
d3ca9835-af26-418e-9836-b19e955f3a7e,CMP_LIVE_DECARBONIZATION_25_26,li-ad-live_decarbonization_25_26-4,cookie_131,linkedin,741.33,2026-09-08 03:55:33.971412
e7f0821c-2b2a-4d58-a34a-ab2b35d89b7b,CMP_LIVE_DECARBONIZATION_25_26,li-ad-live_decarbonization_25_26-2,cookie_132,linkedin,430.76,2026-05-23 02:31:58.971412
d22077c9-fe7b-4217-8ef4-03ba2f9a9c3c,CMP_LIVE_DECARBONIZATION_25_26,li-ad-live_decarbonization_25_26-3,cookie_134,linkedin,946.94,2026-07-18 17:07:49.971412
f092134f-7775-42a8-b71f-3ee8962475a8,CMP_LIVE_DECARBONIZATION_25_26,li-ad-live_decarbonization_25_26-1,cookie_134,linkedin,1304.14,2026-03-25 23:09:09.971412
26b107cd-475d-4314-90d5-60e470ebeaad,CMP_LIVE_DECARBONIZATION_25_26,li-ad-live_decarbonization_25_26-3,cookie_135,linkedin,1309.75,2026-07-13 13:42:29.971412
412e0ac2-3d3f-4e56-940c-d1dcdce92822,CMP_LIVE_HYDROGEN_INFRASTRUCTURE,li-ad-hydrogen_infrastructure-3,cookie_136,linkedin,1292.28,2025-12-30 03:19:00.971412
65a7735b-07bd-4cbe-89c3-4b6de3f9121e,CMP_PAST_ASSET_OPTIMIZATION,li-ad-asset_optimization-4,cookie_137,linkedin,767.44,2025-09-06 01:47:23.971412
57b84c5f-e12a-4a85-8353-79e5a51de3a2,CMP_LIVE_HYDROGEN_INFRASTRUCTURE,li-ad-hydrogen_infrastructure-5,cookie_138,linkedin,429.12,2026-04-15 08:28:13.971412
cebcd5da-b5a0-4da6-b1eb-c3de411da4f1,CMP_LIVE_HYDROGEN_INFRASTRUCTURE,li-ad-hydrogen_infrastructure-8,cookie_138,linkedin,895.18,2026-09-07 22:28:21.971412
177d5aa3-0c8f-44a4-a89b-05084eb05b0e,CMP_LIVE_HYDROGEN_INFRASTRUCTURE,li-ad-hydrogen_infrastructure-2,cookie_138,linkedin,824.21,2025-11-13 11:27:52.971412
41c48e18-5fe1-447d-8189-f9d3a9b6eca5,CMP_LIVE_HYDROGEN_INFRASTRUCTURE,li-ad-hydrogen_infrastructure-4,cookie_138,linkedin,307.67,2026-02-12 05:05:59.971412
61f38e1a-32b2-48d0-951a-55d42f2f9959,CMP_LIVE_HYDROGEN_INFRASTRUCTURE,li-ad-hydrogen_infrastructure-1,cookie_138,linkedin,687.9,2025-09-21 03:45:12.971412
36af13a2-b696-44e1-a9b9-aa194224b9e0,CMP_LIVE_HYDROGEN_INFRASTRUCTURE,li-ad-hydrogen_infrastructure-4,cookie_144,linkedin,987.7,2026-02-11 15:18:08.971412
7d32e39f-a6f1-4faa-b38c-e30a62ba13be,CMP_LIVE_DECARBONIZATION_25_26,li-ad-live_decarbonization_25_26-1,cookie_146,linkedin,1038.33,2026-03-11 05:41:33.971412
75409ebc-d0b5-42ea-83e8-b0cb016a407f,CMP_LIVE_DECARBONIZATION_25_26,li-ad-live_decarbonization_25_26-4,cookie_146,linkedin,776.27,2026-09-08 08:44:44.971412
dd5598f1-b1ef-4784-a4ce-0acc46b90de4,CMP_LIVE_DECARBONIZATION_25_26,li-ad-live_decarbonization_25_26-3,cookie_146,linkedin,294.16,2026-07-12 09:20:32.971412
98c5af66-1367-48cd-b2d6-f35fb712642d,CMP_LIVE_DIGITAL_TWIN,li-ad-digital_twin-6,cookie_150,linkedin,1305.3,2026-08-22 08:10:53.971412
6cc508e6-3a4b-4589-a403-08262d5aede3,CMP_LIVE_DIGITAL_TWIN,li-ad-digital_twin-3,cookie_150,linkedin,1091.0,2026-03-30 02:54:30.971412
d09e9147-1f28-4571-b334-29e065a773bc,CMP_LIVE_DECARBONIZATION_25_26,li-ad-live_decarbonization_25_26-1,cookie_153,linkedin,1060.98,2026-03-11 05:31:57.971412
21d59e5d-2c68-46e7-b29f-124d2b1087d4,CMP_LIVE_DECARBONIZATION_25_26,li-ad-live_decarbonization_25_26-4,cookie_153,linkedin,626.5,2026-09-08 12:59:05.971412
63b29510-9f97-4c85-a56a-433fe2e7e8f1,CMP_LIVE_DECARBONIZATION_25_26,li-ad-live_decarbonization_25_26-2,cookie_153,linkedin,1328.41,2026-05-29 16:15:46.971412
c0084bd2-bdb4-4594-89a9-402184317dea,CMP_LIVE_DECARBONIZATION_25_26,li-ad-live_decarbonization_25_26-3,cookie_153,linkedin,1033.08,2026-07-14 03:56:25.971412
39a1fe63-13bf-48f4-a079-233e6e15dabd,CMP_PAST_ASSET_OPTIMIZATION,li-ad-asset_optimization-6,cookie_157,linkedin,292.03,2025-12-08 18:41:54.971412
4d162dfe-8dfa-4320-bb09-1a761aecc3f4,CMP_LIVE_HYDROGEN_INFRASTRUCTURE,li-ad-hydrogen_infrastructure-7,cookie_158,linkedin,329.21,2026-07-14 08:09:30.971412
33a4b430-2abd-48a2-b830-2142feca70c8,CMP_LIVE_HYDROGEN_INFRASTRUCTURE,li-ad-hydrogen_infrastructure-1,cookie_158,linkedin,1354.97,2025-09-21 03:08:45.971412
f4477cba-002f-4e10-87cd-127557d2b43b,CMP_LIVE_HYDROGEN_INFRASTRUCTURE,li-ad-hydrogen_infrastructure-2,cookie_158,linkedin,390.03,2025-11-01 02:34:57.971412
8cc320a9-3fdf-4ce4-904f-8f16a4048067,CMP_PAST_SUSTAINABLE_ENGINEERING,li-ad-sustainable_engineering-5,cookie_159,linkedin,1139.77,2026-02-10 21:29:00.971412
3a4fc487-4432-41a2-9a8b-6943d809af17,CMP_PAST_SUSTAINABLE_ENGINEERING,li-ad-sustainable_engineering-7,cookie_159,linkedin,956.54,2026-04-09 02:17:31.971412
085d325a-c463-4351-a914-5993725837d5,CMP_PAST_SUSTAINABLE_ENGINEERING,li-ad-sustainable_engineering-4,cookie_159,linkedin,390.39,2025-11-17 15:59:49.971412
bde47f91-1824-47af-954a-4d8281c2c3ce,CMP_LIVE_DIGITAL_TWIN,li-ad-digital_twin-5,cookie_160,linkedin,332.64,2026-08-19 17:12:39.971412
74020a3c-8759-4934-92b1-3e5575c49be1,CMP_LIVE_DIGITAL_TWIN,li-ad-digital_twin-4,cookie_160,linkedin,761.83,2026-05-17 01:51:09.971412
fb66f8df-ae97-407f-b9c8-6a57d7c11d82,CMP_LIVE_DIGITAL_TWIN,li-ad-digital_twin-6,cookie_160,linkedin,827.65,2026-08-22 02:10:06.971412
85c8093a-d8ce-4730-8643-c1c28bd3078e,CMP_LIVE_DIGITAL_TWIN,li-ad-digital_twin-2,cookie_160,linkedin,1383.49,2026-02-11 02:54:16.971412
3b0d6881-207c-4bd7-9b3f-f71102f0b956,CMP_LIVE_DIGITAL_TWIN,li-ad-digital_twin-3,cookie_160,linkedin,614.58,2026-03-26 01:47:33.971412
6170d553-eb0c-4783-ac1d-657254c5200e,CMP_PAST_ASSET_OPTIMIZATION,li-ad-asset_optimization-1,cookie_161,linkedin,879.23,2025-03-15 04:13:13.971412
cc224ff0-f3a0-47f2-a7ef-3a33b748d380,CMP_PAST_ASSET_OPTIMIZATION,li-ad-asset_optimization-5,cookie_161,linkedin,1113.81,2025-10-10 17:39:51.971412
dc9ba3d6-56d0-493e-ad80-3728e2636f82,CMP_LIVE_DIGITAL_TWIN,li-ad-digital_twin-5,cookie_163,linkedin,843.39,2026-07-31 17:00:06.971412
a7be1914-3554-48b1-8951-3af7e962066b,CMP_LIVE_DIGITAL_TWIN,li-ad-digital_twin-1,cookie_163,linkedin,899.66,2025-12-15 04:40:22.971412
d4b5dcad-900b-44f1-b77a-de23b7c9ce04,CMP_LIVE_DIGITAL_TWIN,li-ad-digital_twin-6,cookie_163,linkedin,745.46,2026-08-25 13:02:11.971412
e0df3a99-2bfd-4981-95e9-4101636ee6ac,CMP_LIVE_DIGITAL_TWIN,li-ad-digital_twin-2,cookie_163,linkedin,1469.01,2026-02-11 01:48:20.971412
cf37119f-5c93-4280-bc5c-92e0ddc6c55f,CMP_PAST_ASSET_OPTIMIZATION,li-ad-asset_optimization-4,cookie_165,linkedin,658.69,2025-08-26 02:04:52.971412
c7ee06e4-47c1-430a-825e-c734b84b0c59,CMP_PAST_ASSET_OPTIMIZATION,li-ad-asset_optimization-6,cookie_165,linkedin,579.24,2025-11-23 01:47:49.971412
d989c0f7-a509-47fc-8351-b6bd637b936a,CMP_PAST_ASSET_OPTIMIZATION,li-ad-asset_optimization-3,cookie_165,linkedin,785.19,2025-06-24 00:26:32.971412
cc4d793f-3d4d-4cfb-bf20-93d6dbcc213c,CMP_PAST_ASSET_OPTIMIZATION,li-ad-asset_optimization-7,cookie_165,linkedin,1076.55,2026-01-11 18:13:47.971412
4c378e45-eb19-4d93-b385-95ecc98c889f,CMP_PAST_ASSET_OPTIMIZATION,li-ad-asset_optimization-5,cookie_165,linkedin,776.47,2025-10-13 05:37:00.971412
270b9d1d-8a55-4f59-8794-95f9a5679e3b,CMP_LIVE_HYDROGEN_INFRASTRUCTURE,li-ad-hydrogen_infrastructure-3,cookie_168,linkedin,516.19,2026-01-04 01:21:56.971412
2e5d31ef-c898-43d6-b03e-eb6e0da9f287,CMP_LIVE_HYDROGEN_INFRASTRUCTURE,li-ad-hydrogen_infrastructure-7,cookie_168,linkedin,584.92,2026-08-17 22:12:33.971412
a4ac7275-d8af-43e2-bb72-bdc634609bb2,CMP_LIVE_HYDROGEN_INFRASTRUCTURE,li-ad-hydrogen_infrastructure-5,cookie_168,linkedin,1089.59,2026-04-28 04:16:02.971412
678ae046-128a-4452-903a-f922d964336f,CMP_LIVE_HYDROGEN_INFRASTRUCTURE,li-ad-hydrogen_infrastructure-6,cookie_168,linkedin,1155.29,2026-06-27 16:23:56.971412
92075cdf-3e11-45c3-ba9f-2f9974db5908,CMP_LIVE_HYDROGEN_INFRASTRUCTURE,li-ad-hydrogen_infrastructure-4,cookie_168,linkedin,362.81,2026-02-12 19:23:26.971412
70e728c0-cc88-4ed7-9ef4-49a64bf00c02,CMP_LIVE_HYDROGEN_INFRASTRUCTURE,li-ad-hydrogen_infrastructure-2,cookie_168,linkedin,1328.62,2025-11-02 07:49:26.971412
89075ad3-141b-4075-84b2-56e5c4c36ab9,CMP_LIVE_HYDROGEN_INFRASTRUCTURE,li-ad-hydrogen_infrastructure-1,cookie_168,linkedin,1077.78,2025-10-13 15:16:09.971412
4ff2e82d-a6d1-4d42-b160-14d64a7b8bfc,CMP_LIVE_HYDROGEN_INFRASTRUCTURE,li-ad-hydrogen_infrastructure-7,cookie_169,linkedin,1450.93,2026-07-14 01:47:12.971412
26205dba-1981-40f4-8f95-083691cb52e2,CMP_LIVE_HYDROGEN_INFRASTRUCTURE,li-ad-hydrogen_infrastructure-3,cookie_169,linkedin,1420.4,2025-12-30 10:38:19.971412
85117c6d-c13c-458d-9041-70aa77fd23ca,CMP_LIVE_HYDROGEN_INFRASTRUCTURE,li-ad-hydrogen_infrastructure-8,cookie_169,linkedin,292.35,2026-09-06 03:05:40.971412
95b4e3f7-facf-4dc0-b8ac-e6a60c97a12b,CMP_LIVE_HYDROGEN_INFRASTRUCTURE,li-ad-hydrogen_infrastructure-5,cookie_169,linkedin,766.2,2026-04-01 06:58:42.971412
bc541b52-3ff8-40c2-9d43-eced4df03185,CMP_PAST_SUSTAINABLE_ENGINEERING,li-ad-sustainable_engineering-2,cookie_170,linkedin,396.69,2025-09-16 07:17:17.971412
f316584d-0758-4676-8607-e5a1c013f8ee,CMP_PAST_SUSTAINABLE_ENGINEERING,li-ad-sustainable_engineering-7,cookie_170,linkedin,515.27,2026-04-10 04:45:53.971412
1a3f8e98-660d-4fb8-9aa0-4d95970ce5be,CMP_LIVE_HYDROGEN_INFRASTRUCTURE,li-ad-hydrogen_infrastructure-8,cookie_171,linkedin,1293.51,2026-09-07 05:29:55.971412
3f46892f-c402-4293-aa1d-1a41dc6b661d,CMP_LIVE_HYDROGEN_INFRASTRUCTURE,li-ad-hydrogen_infrastructure-5,cookie_171,linkedin,1365.84,2026-03-30 12:09:13.971412
cdeb06de-470a-4197-b640-2564b8006fd2,CMP_LIVE_HYDROGEN_INFRASTRUCTURE,li-ad-hydrogen_infrastructure-4,cookie_171,linkedin,695.65,2026-02-10 01:47:22.971412
aa586cd9-5c4f-416e-a894-3f88273a39ec,CMP_LIVE_HYDROGEN_INFRASTRUCTURE,li-ad-hydrogen_infrastructure-8,cookie_175,linkedin,1164.43,2026-09-06 02:19:17.971412
0bec9061-abee-4a1c-a033-ce79a269143c,CMP_LIVE_DIGITAL_TWIN,li-ad-digital_twin-4,cookie_177,linkedin,1000.43,2026-05-17 07:23:52.971412
be2b3d89-9521-4123-9b76-44cb1440d7c6,CMP_LIVE_DIGITAL_TWIN,li-ad-digital_twin-2,cookie_178,linkedin,347.78,2026-02-11 03:55:48.971412
fbd4be62-e999-4c38-86ca-fd6983d224af,CMP_PAST_SUSTAINABLE_ENGINEERING,li-ad-sustainable_engineering-5,cookie_180,linkedin,618.54,2026-01-09 05:31:46.971412
1fc91a15-7edc-4b97-97cc-502e96cb9a32,CMP_LIVE_DIGITAL_TWIN,li-ad-digital_twin-6,cookie_181,linkedin,700.32,2026-08-25 03:44:39.971412
719d276a-c302-40ed-8920-ba5034aedb4e,CMP_LIVE_DIGITAL_TWIN,li-ad-digital_twin-5,cookie_181,linkedin,380.18,2026-07-14 01:48:01.971412
204ca770-d272-47ad-a1c7-cd70c73b5d5a,CMP_LIVE_DIGITAL_TWIN,li-ad-digital_twin-4,cookie_185,linkedin,895.19,2026-06-23 00:17:25.971412
c3bc9443-c55e-4d9e-9c8b-a2ac33b17a2b,CMP_LIVE_DIGITAL_TWIN,li-ad-digital_twin-1,cookie_185,linkedin,752.06,2025-12-13 15:55:59.971412
a44e907a-c587-43c2-b472-85df5d14cc57,CMP_LIVE_DIGITAL_TWIN,li-ad-digital_twin-5,cookie_185,linkedin,1357.23,2026-07-09 11:10:16.971412
d7e73648-9cb6-4790-9d76-2f5e28ba2c80,CMP_LIVE_DIGITAL_TWIN,li-ad-digital_twin-5,cookie_189,linkedin,779.28,2026-07-10 20:39:20.971412
6ca36817-ce1a-45aa-9987-c620b01df002,CMP_LIVE_DIGITAL_TWIN,li-ad-digital_twin-3,cookie_189,linkedin,1447.6,2026-03-29 22:17:52.971412
fb0f2d12-9fd1-408e-b831-4480972d63cc,CMP_LIVE_DIGITAL_TWIN,li-ad-digital_twin-4,cookie_189,linkedin,1332.44,2026-05-24 21:46:27.971412
af2b2e02-3f6e-4805-8ca0-9686f60e7ba8,CMP_PAST_SUSTAINABLE_ENGINEERING,li-ad-sustainable_engineering-5,cookie_190,linkedin,316.09,2026-01-14 01:22:33.971412
8c1eafc3-d781-4d6d-b81d-ade73a4404cf,CMP_LIVE_DECARBONIZATION_25_26,li-ad-live_decarbonization_25_26-1,cookie_191,linkedin,914.82,2026-03-19 12:33:15.971412
4c2cce3e-bea0-4328-bddd-0b5e1c87cb96,CMP_LIVE_DECARBONIZATION_25_26,li-ad-live_decarbonization_25_26-3,cookie_191,linkedin,556.61,2026-07-29 07:34:57.971412
2410960e-a1be-4bc7-baf2-84742a7de112,CMP_LIVE_DIGITAL_TWIN,li-ad-digital_twin-1,cookie_192,linkedin,475.64,2025-12-13 16:12:42.971412
bf9d9c7c-eb0c-47b0-8f0b-16bf8eff14ff,CMP_LIVE_DECARBONIZATION_25_26,li-ad-live_decarbonization_25_26-2,cookie_193,linkedin,1451.4,2026-05-23 01:47:58.971412
1c2ddb41-075c-4899-987a-4b32fd4ff071,CMP_LIVE_DECARBONIZATION_25_26,li-ad-live_decarbonization_25_26-1,cookie_193,linkedin,549.53,2026-03-11 01:47:40.971412
49632b42-4b5a-46ff-b8a4-c7f72bd10364,CMP_LIVE_DECARBONIZATION_25_26,li-ad-live_decarbonization_25_26-3,cookie_193,linkedin,1454.34,2026-07-12 07:27:18.971412
f06cb8e2-32c3-4a5e-b3f0-9f459546821e,CMP_LIVE_DECARBONIZATION_25_26,li-ad-live_decarbonization_25_26-4,cookie_193,linkedin,779.69,2026-09-08 03:47:25.971412
aadddf88-6b89-45d4-8ebd-3d3795bbf22d,CMP_LIVE_DECARBONIZATION_25_26,li-ad-live_decarbonization_25_26-4,cookie_195,linkedin,881.03,2026-09-08 01:50:02.971412
d3e4af64-2eaa-4107-9f09-8f8c6c5ab494,CMP_PAST_SUSTAINABLE_ENGINEERING,li-ad-sustainable_engineering-7,cookie_196,linkedin,1090.31,2026-04-18 05:31:19.971412
d53b187d-dee8-45a3-9d9f-2a91dc79e017,CMP_LIVE_DECARBONIZATION_25_26,li-ad-live_decarbonization_25_26-2,cookie_199,linkedin,1161.12,2026-06-19 04:24:56.971412
49efdb55-0108-40f4-9974-7594e81f3c44,CMP_PAST_ASSET_OPTIMIZATION,li-ad-asset_optimization-4,cookie_200,linkedin,1013.42,2025-08-20 01:47:47.971412
12610076-9186-4aef-b6f8-a1413adbe6a8,CMP_PAST_ASSET_OPTIMIZATION,li-ad-asset_optimization-7,cookie_200,linkedin,816.76,2026-01-17 21:32:16.971412
460a5212-72fc-434f-8883-a3ba4530e3f4,CMP_PAST_ASSET_OPTIMIZATION,li-ad-asset_optimization-2,cookie_200,linkedin,570.36,2025-05-17 12:00:48.971412
884bcd0f-e62f-4cd1-a213-83f6414f2f73,CMP_LIVE_DECARBONIZATION_25_26,li-ad-live_decarbonization_25_26-3,cookie_201,linkedin,719.89,2026-07-31 04:27:29.971412
6fa1976d-c4bd-44a7-829d-3248ab7cff53,CMP_PAST_SUSTAINABLE_ENGINEERING,li-ad-sustainable_engineering-7,cookie_202,linkedin,1352.08,2026-05-23 15:51:47.971412
0593875d-cae8-4340-8d7d-3da433172458,CMP_PAST_SUSTAINABLE_ENGINEERING,li-ad-sustainable_engineering-1,cookie_202,linkedin,1353.4,2025-06-24 01:59:58.971412
d1178983-3cb9-41ff-aa54-ba928018c0ac,CMP_LIVE_HYDROGEN_INFRASTRUCTURE,li-ad-hydrogen_infrastructure-1,cookie_205,linkedin,602.31,2025-10-06 21:35:22.971412
c331c0db-fe85-4ec9-bc13-0eb64ab1948a,CMP_PAST_SUSTAINABLE_ENGINEERING,li-ad-sustainable_engineering-4,cookie_207,linkedin,541.3,2025-11-17 08:47:40.971412
090cf092-679d-4d00-a26f-4546b31272bb,CMP_PAST_SUSTAINABLE_ENGINEERING,li-ad-sustainable_engineering-5,cookie_207,linkedin,1486.99,2026-01-10 03:03:22.971412
0cdf7e5e-d6f4-4552-a42d-2d4db0fd4987,CMP_PAST_SUSTAINABLE_ENGINEERING,li-ad-sustainable_engineering-2,cookie_207,linkedin,637.2,2025-09-05 21:47:40.971412
9e0108b2-fe63-4b39-8d2a-acf60ae8a19f,CMP_PAST_SUSTAINABLE_ENGINEERING,li-ad-sustainable_engineering-3,cookie_207,linkedin,1035.1,2025-09-20 07:51:14.971412
dffd15da-a092-4654-8e72-c06de05ca694,CMP_PAST_SUSTAINABLE_ENGINEERING,li-ad-sustainable_engineering-5,cookie_212,linkedin,1448.79,2026-01-09 02:43:12.971412
0ab131d1-358e-49f8-a164-8c7b5c90b5aa,CMP_PAST_SUSTAINABLE_ENGINEERING,li-ad-sustainable_engineering-6,cookie_212,linkedin,804.66,2026-04-06 01:10:17.971412
f25f77c6-11e5-48f9-88de-572e880eb709,CMP_PAST_SUSTAINABLE_ENGINEERING,li-ad-sustainable_engineering-2,cookie_212,linkedin,1054.5,2025-08-11 08:14:56.971412
de77021e-697c-43db-a2ec-4a1e1d103edb,CMP_PAST_SUSTAINABLE_ENGINEERING,li-ad-sustainable_engineering-3,cookie_212,linkedin,467.09,2025-09-20 02:03:18.971412
5137d7dd-9136-4bac-badb-823c04659671,CMP_PAST_ASSET_OPTIMIZATION,li-ad-asset_optimization-3,cookie_214,linkedin,459.71,2025-06-24 04:57:08.971412
84aeee39-3611-46b9-b625-2986df8b3047,CMP_PAST_ASSET_OPTIMIZATION,li-ad-asset_optimization-4,cookie_214,linkedin,634.76,2025-08-21 01:16:42.971412
5707e0ec-d693-4768-9663-c33a034d36ca,CMP_PAST_ASSET_OPTIMIZATION,li-ad-asset_optimization-1,cookie_214,linkedin,298.53,2025-03-16 07:56:43.971412
72f49c83-320d-4490-8630-4922e459ad1e,CMP_PAST_SUSTAINABLE_ENGINEERING,li-ad-sustainable_engineering-6,cookie_216,linkedin,982.6,2026-03-21 21:15:38.971412
04978c47-c6b1-4f39-bdc5-ab5cade2e9b5,CMP_PAST_ASSET_OPTIMIZATION,li-ad-asset_optimization-4,cookie_217,linkedin,258.03,2025-08-30 19:37:45.971412
55fd64ea-dfc5-4ece-9d57-3142db707e77,CMP_PAST_SUSTAINABLE_ENGINEERING,li-ad-sustainable_engineering-4,cookie_218,linkedin,1030.53,2025-11-24 00:31:40.971412
90564d53-ee4a-475a-8f84-6757f8b2f8bb,CMP_PAST_SUSTAINABLE_ENGINEERING,li-ad-sustainable_engineering-2,cookie_218,linkedin,357.13,2025-08-11 01:49:49.971412
0e5618f7-94a7-4c6d-b9fb-11fe499be461,CMP_LIVE_HYDROGEN_INFRASTRUCTURE,li-ad-hydrogen_infrastructure-1,cookie_219,linkedin,1336.26,2025-09-26 23:32:40.971412
86b6b226-a45a-492d-b9e3-5552f0e374d7,CMP_LIVE_HYDROGEN_INFRASTRUCTURE,li-ad-hydrogen_infrastructure-8,cookie_219,linkedin,1042.22,2026-09-06 02:18:13.971412
b806c232-0355-4cc9-9e4f-1eed7fc4ee91,CMP_LIVE_HYDROGEN_INFRASTRUCTURE,li-ad-hydrogen_infrastructure-7,cookie_219,linkedin,805.38,2026-07-14 13:54:50.971412
63edfa5a-2db4-4f21-bc69-44c5317dd255,CMP_LIVE_HYDROGEN_INFRASTRUCTURE,li-ad-hydrogen_infrastructure-5,cookie_219,linkedin,1321.38,2026-05-11 18:10:42.971412
c522d7c1-127f-4952-a9f3-565db0084b7a,CMP_LIVE_HYDROGEN_INFRASTRUCTURE,li-ad-hydrogen_infrastructure-2,cookie_220,linkedin,1491.7,2025-11-01 01:55:13.971412
13f634b0-c67f-4619-9f3b-7604937a2d31,CMP_LIVE_HYDROGEN_INFRASTRUCTURE,li-ad-hydrogen_infrastructure-6,cookie_220,linkedin,638.5,2026-06-05 08:16:47.971412
ee521582-01c0-439a-982e-d08c8f86eba3,CMP_LIVE_HYDROGEN_INFRASTRUCTURE,li-ad-hydrogen_infrastructure-3,cookie_220,linkedin,1002.02,2026-01-02 08:36:04.971412
6697b826-47ff-49a7-9da1-753118898fc9,CMP_LIVE_DIGITAL_TWIN,li-ad-digital_twin-2,cookie_222,linkedin,1159.24,2026-03-07 07:45:14.971412
a189977a-9dc0-4279-947e-2d3d31488364,CMP_PAST_SUSTAINABLE_ENGINEERING,li-ad-sustainable_engineering-6,cookie_224,linkedin,556.25,2026-03-06 08:09:30.971412
f6ca82d0-e1b0-4530-8a93-8c50bdbce788,CMP_LIVE_HYDROGEN_INFRASTRUCTURE,li-ad-hydrogen_infrastructure-4,cookie_227,linkedin,954.55,2026-02-21 19:10:13.971412
23f7076a-d235-42c9-9bb3-9c8919478bad,CMP_PAST_SUSTAINABLE_ENGINEERING,li-ad-sustainable_engineering-2,cookie_228,linkedin,372.43,2025-08-11 07:50:33.971412
a5e8f4be-450e-452c-915b-7075067834ed,CMP_PAST_SUSTAINABLE_ENGINEERING,li-ad-sustainable_engineering-3,cookie_228,linkedin,381.25,2025-09-20 23:59:01.971412
e936db96-1815-4c75-8ccc-f3af62fcf918,CMP_LIVE_HYDROGEN_INFRASTRUCTURE,li-ad-hydrogen_infrastructure-7,cookie_229,linkedin,1257.61,2026-07-14 02:56:14.971412
63ba90cc-a531-403a-b2fa-f16c2e25b7d0,CMP_LIVE_HYDROGEN_INFRASTRUCTURE,li-ad-hydrogen_infrastructure-8,cookie_229,linkedin,1044.54,2026-09-06 01:55:05.971412
8d69f5b5-21d5-4378-aef0-f3a5c12ea217,CMP_LIVE_HYDROGEN_INFRASTRUCTURE,li-ad-hydrogen_infrastructure-4,cookie_229,linkedin,1415.55,2026-02-19 12:42:06.971412
7fb9cdfe-bf4e-4777-a675-283623965f17,CMP_LIVE_HYDROGEN_INFRASTRUCTURE,li-ad-hydrogen_infrastructure-1,cookie_229,linkedin,1020.36,2025-09-22 06:58:43.971412
68ad6815-c2b6-4965-acef-0ce17c2d6122,CMP_LIVE_HYDROGEN_INFRASTRUCTURE,li-ad-hydrogen_infrastructure-2,cookie_229,linkedin,1128.24,2025-11-12 18:43:18.971412
3d14d94d-6fe5-4a07-a97f-286bc7ad8d81,CMP_LIVE_HYDROGEN_INFRASTRUCTURE,li-ad-hydrogen_infrastructure-6,cookie_229,linkedin,468.52,2026-06-22 02:24:48.971412
84d5d1f0-2470-4a0a-a8d3-c9ff417339a7,CMP_PAST_SUSTAINABLE_ENGINEERING,li-ad-sustainable_engineering-1,cookie_230,linkedin,1070.79,2025-06-24 02:25:12.971412
20bfd8d0-880b-4a38-b03b-9ab204f748a7,CMP_PAST_SUSTAINABLE_ENGINEERING,li-ad-sustainable_engineering-6,cookie_232,linkedin,398.49,2026-04-05 01:54:20.971412
ae7fea13-8c05-4cd7-87d6-8d3603a1809f,CMP_PAST_SUSTAINABLE_ENGINEERING,li-ad-sustainable_engineering-4,cookie_232,linkedin,499.55,2025-11-17 01:47:12.971412
d33fe4e7-9107-4f5c-b634-f60f0b46f8f9,CMP_PAST_SUSTAINABLE_ENGINEERING,li-ad-sustainable_engineering-5,cookie_232,linkedin,633.06,2026-01-10 07:30:29.971412
7d483e07-fadf-4592-b1ab-5860de1214e0,CMP_LIVE_DIGITAL_TWIN,li-ad-digital_twin-1,cookie_233,linkedin,1023.76,2026-01-17 11:32:15.971412
1332dd92-66b5-4b61-9853-721df2b96fd6,CMP_LIVE_HYDROGEN_INFRASTRUCTURE,li-ad-hydrogen_infrastructure-8,cookie_235,linkedin,396.79,2026-09-06 09:20:29.971412
898f1a75-fb60-4e1f-be32-6603803cfd44,CMP_LIVE_DECARBONIZATION_25_26,li-ad-live_decarbonization_25_26-2,cookie_241,linkedin,848.64,2026-05-23 11:25:42.971412
89f383e8-58ac-4973-8ff0-651e576c95b2,CMP_LIVE_DECARBONIZATION_25_26,li-ad-live_decarbonization_25_26-1,cookie_241,linkedin,1488.46,2026-03-13 16:58:37.971412
5049efdd-29d8-47f4-a4da-7ff0a475fa7a,CMP_LIVE_DECARBONIZATION_25_26,li-ad-live_decarbonization_25_26-3,cookie_241,linkedin,472.58,2026-07-18 02:00:26.971412
592a9ca9-e8ed-43de-8f48-4c896d1bf1d8,CMP_LIVE_DECARBONIZATION_25_26,li-ad-live_decarbonization_25_26-4,cookie_241,linkedin,1430.04,2026-09-08 01:47:43.971412
b4704112-fe62-4314-a0e0-b0509505d971,CMP_PAST_SUSTAINABLE_ENGINEERING,li-ad-sustainable_engineering-2,cookie_245,linkedin,1047.99,2025-08-15 05:50:04.971412
64e45821-8efa-4b1e-8549-75debcb6d337,CMP_LIVE_HYDROGEN_INFRASTRUCTURE,li-ad-hydrogen_infrastructure-2,cookie_246,linkedin,1370.64,2025-11-01 14:48:01.971412
faffd49f-9647-4e5e-97f2-705ad02ff942,CMP_LIVE_HYDROGEN_INFRASTRUCTURE,li-ad-hydrogen_infrastructure-6,cookie_246,linkedin,1010.92,2026-07-05 16:48:56.971412
dea1a86a-c9b0-4e1c-91c2-e38e600e5158,CMP_LIVE_DIGITAL_TWIN,li-ad-digital_twin-4,cookie_250,linkedin,1116.13,2026-05-17 18:52:48.971412
987874a4-14df-4087-8844-ac28798e222d,CMP_PAST_ASSET_OPTIMIZATION,li-ad-asset_optimization-1,cookie_254,linkedin,379.77,2025-04-03 01:26:22.971412
411dcaf1-3e28-4263-95c6-4a46ed0edac2,CMP_PAST_SUSTAINABLE_ENGINEERING,li-ad-sustainable_engineering-3,cookie_255,linkedin,1392.54,2025-10-29 12:32:18.971412
73d8b9c7-d7dc-4c2d-b9dd-f6b0af339068,CMP_PAST_SUSTAINABLE_ENGINEERING,li-ad-sustainable_engineering-4,cookie_255,linkedin,1378.34,2025-11-17 11:25:47.971412
989c9ffd-c1ec-46e0-b5ef-79095df16a11,CMP_PAST_SUSTAINABLE_ENGINEERING,li-ad-sustainable_engineering-2,cookie_255,linkedin,1386.32,2025-08-11 01:47:12.971412
173c08e8-2079-41ec-a185-3579337349cf,CMP_LIVE_HYDROGEN_INFRASTRUCTURE,li-ad-hydrogen_infrastructure-4,cookie_259,linkedin,919.94,2026-02-16 03:32:40.971412
d4efdc8e-b432-4bba-8e08-3a21803b633a,CMP_LIVE_HYDROGEN_INFRASTRUCTURE,li-ad-hydrogen_infrastructure-1,cookie_259,linkedin,524.7,2025-09-21 14:13:00.971412
d77bc21a-ee48-456a-9ffa-dc2954517706,CMP_LIVE_HYDROGEN_INFRASTRUCTURE,li-ad-hydrogen_infrastructure-6,cookie_259,linkedin,589.59,2026-05-28 18:21:40.971412
6dbc143a-619c-497a-8903-5eb93dd7bea2,CMP_LIVE_HYDROGEN_INFRASTRUCTURE,li-ad-hydrogen_infrastructure-5,cookie_259,linkedin,616.84,2026-04-04 09:53:54.971412
f65aa8b2-f42a-49a8-89c5-553c7b89e932,CMP_LIVE_HYDROGEN_INFRASTRUCTURE,li-ad-hydrogen_infrastructure-2,cookie_259,linkedin,1057.84,2025-11-05 22:58:59.971412
cf861a9d-438e-419e-b5a5-8afaa6fd41e8,CMP_LIVE_DECARBONIZATION_25_26,li-ad-live_decarbonization_25_26-1,cookie_261,linkedin,270.34,2026-03-11 15:46:51.971412
d1aa02c6-77ef-4015-b476-0f25866c8487,CMP_LIVE_DIGITAL_TWIN,li-ad-digital_twin-6,cookie_262,linkedin,462.74,2026-08-22 16:29:14.971412
1adf9ecd-d796-4106-9266-4d0a4b5b702f,CMP_LIVE_DIGITAL_TWIN,li-ad-digital_twin-1,cookie_262,linkedin,1231.18,2025-12-13 06:41:54.971412
4d24ed1d-8e26-4bb6-b6c7-4844e8fe7207,CMP_LIVE_DIGITAL_TWIN,li-ad-digital_twin-5,cookie_262,linkedin,1085.29,2026-07-15 11:29:58.971412
d3385110-cfe1-4b61-893c-5eba4d20c9b7,CMP_LIVE_DIGITAL_TWIN,li-ad-digital_twin-3,cookie_262,linkedin,853.38,2026-04-11 02:40:51.971412
3da2d460-b205-498f-a522-8e5a342b0796,CMP_LIVE_DIGITAL_TWIN,li-ad-digital_twin-2,cookie_262,linkedin,343.93,2026-02-21 13:42:51.971412
00232d1a-b8bd-44e5-b4fb-2846f455c054,CMP_LIVE_DIGITAL_TWIN,li-ad-digital_twin-4,cookie_262,linkedin,484.94,2026-06-02 17:35:32.971412
c9b3aa4e-8081-458e-aeaf-98d43dd13d2f,CMP_LIVE_HYDROGEN_INFRASTRUCTURE,li-ad-hydrogen_infrastructure-4,cookie_263,linkedin,1368.82,2026-02-10 01:58:36.971412
785f6ee4-1640-48d6-9db5-40ea7733cbe7,CMP_LIVE_HYDROGEN_INFRASTRUCTURE,li-ad-hydrogen_infrastructure-3,cookie_263,linkedin,463.79,2026-01-01 18:43:00.971412
ac13572a-6b0a-48a6-9cf7-dc4b1ee1b6ed,CMP_LIVE_HYDROGEN_INFRASTRUCTURE,li-ad-hydrogen_infrastructure-2,cookie_263,linkedin,1101.8,2025-11-01 02:41:37.971412
324a0002-061d-4c5a-8539-a11bff3f0762,CMP_LIVE_DIGITAL_TWIN,li-ad-digital_twin-6,cookie_265,linkedin,1374.03,2026-08-25 16:24:33.971412
9c0865f2-b9e0-4db6-9bcb-53e14957064e,CMP_LIVE_DIGITAL_TWIN,li-ad-digital_twin-1,cookie_267,linkedin,1400.24,2026-01-10 16:41:20.971412
c66fd309-2e88-4afb-aaeb-f7dc9870ecac,CMP_LIVE_DIGITAL_TWIN,li-ad-digital_twin-5,cookie_267,linkedin,948.64,2026-07-08 01:47:14.971412
70e39cc1-544a-4ba6-9e7e-57c3333feff8,CMP_LIVE_DIGITAL_TWIN,li-ad-digital_twin-6,cookie_267,linkedin,425.73,2026-08-22 01:48:41.971412
42915974-079d-4ecc-8a8a-e19c4d90af24,CMP_LIVE_DIGITAL_TWIN,li-ad-digital_twin-2,cookie_267,linkedin,716.39,2026-02-16 04:16:36.971412
75bd241a-131a-41d8-bebd-ffc3f66a4962,CMP_LIVE_DIGITAL_TWIN,li-ad-digital_twin-5,cookie_270,linkedin,1385.14,2026-07-09 19:56:23.971412
837c77e6-c654-42be-9634-e40d05645056,CMP_PAST_SUSTAINABLE_ENGINEERING,li-ad-sustainable_engineering-2,cookie_271,linkedin,1203.26,2025-08-11 08:16:08.971412
37569392-5951-4434-9bd3-2363b160f1dc,CMP_PAST_SUSTAINABLE_ENGINEERING,li-ad-sustainable_engineering-5,cookie_274,linkedin,494.65,2026-01-13 09:20:42.971412
794072c4-36f1-43d9-8c76-77a7c86b3173,CMP_PAST_SUSTAINABLE_ENGINEERING,li-ad-sustainable_engineering-3,cookie_275,linkedin,1162.47,2025-09-20 03:03:36.971412
281cb626-6877-4efb-9c73-ab2e8c0dbfff,CMP_PAST_SUSTAINABLE_ENGINEERING,li-ad-sustainable_engineering-7,cookie_275,linkedin,487.67,2026-04-12 13:49:23.971412
34829982-291c-4472-b1a2-7ca4a2369975,CMP_LIVE_HYDROGEN_INFRASTRUCTURE,li-ad-hydrogen_infrastructure-1,cookie_276,linkedin,776.76,2025-09-21 01:47:16.971412
b1c38857-460a-4853-8f18-d7698e13230e,CMP_PAST_SUSTAINABLE_ENGINEERING,li-ad-sustainable_engineering-7,cookie_278,linkedin,307.22,2026-04-12 19:04:24.971412
4f60de8a-0162-4043-9b22-6fe10ea794fa,CMP_PAST_SUSTAINABLE_ENGINEERING,li-ad-sustainable_engineering-5,cookie_278,linkedin,1067.05,2026-01-09 09:42:43.971412
585df2c0-6992-453d-b4a8-088bf0aa36d8,CMP_PAST_SUSTAINABLE_ENGINEERING,li-ad-sustainable_engineering-6,cookie_278,linkedin,348.06,2026-02-24 14:08:28.971412
1bb272c4-83f0-4ca5-91a8-05e379e725c3,CMP_PAST_SUSTAINABLE_ENGINEERING,li-ad-sustainable_engineering-2,cookie_278,linkedin,941.21,2025-08-11 11:07:30.971412
e29d9c1a-0bd2-48b2-a0e2-ba246c49cf30,CMP_PAST_SUSTAINABLE_ENGINEERING,li-ad-sustainable_engineering-4,cookie_278,linkedin,1205.24,2025-11-18 18:22:05.971412
1d70c5fe-0d46-4ce1-9451-b89b44f53d7f,CMP_PAST_ASSET_OPTIMIZATION,li-ad-asset_optimization-7,cookie_279,linkedin,520.68,2026-01-25 13:35:36.971412
0d05b9b3-7963-410d-b5d7-0fc581161809,CMP_LIVE_DECARBONIZATION_25_26,li-ad-live_decarbonization_25_26-4,cookie_280,linkedin,1149.03,2026-09-08 02:33:40.971412
80b959bc-e1b9-49c1-bc9d-5c6ab5e02e3a,CMP_LIVE_DECARBONIZATION_25_26,li-ad-live_decarbonization_25_26-1,cookie_280,linkedin,600.88,2026-04-10 14:58:40.971412
b0faa9d8-dced-4e0a-a01f-5d35397a8d25,CMP_LIVE_DECARBONIZATION_25_26,li-ad-live_decarbonization_25_26-3,cookie_280,linkedin,270.15,2026-08-21 18:54:01.971412
66a7c71e-6a57-4b9e-9d64-17ec74e49de1,CMP_PAST_SUSTAINABLE_ENGINEERING,li-ad-sustainable_engineering-4,cookie_282,linkedin,290.75,2025-12-08 12:08:02.971412
72bc8a79-3f18-4d74-a6c7-952e57fd6e58,CMP_PAST_SUSTAINABLE_ENGINEERING,li-ad-sustainable_engineering-2,cookie_282,linkedin,1497.27,2025-08-15 16:09:26.971412
97cc8d7c-f194-4d14-8c2f-6b668c3ca585,CMP_LIVE_DECARBONIZATION_25_26,li-ad-live_decarbonization_25_26-4,cookie_283,linkedin,689.98,2026-09-08 02:11:53.971412
13434313-7416-469c-b9d4-2e69cdf71817,CMP_LIVE_DECARBONIZATION_25_26,li-ad-live_decarbonization_25_26-3,cookie_283,linkedin,1386.58,2026-07-12 05:40:27.971412
c1dc0b42-2928-4cec-a0a4-c2a1914cbd43,CMP_LIVE_DECARBONIZATION_25_26,li-ad-live_decarbonization_25_26-2,cookie_283,linkedin,752.9,2026-05-23 18:49:03.971412
b34ec6d6-acd1-48e7-8a1a-74631ec53800,CMP_LIVE_DECARBONIZATION_25_26,li-ad-live_decarbonization_25_26-1,cookie_283,linkedin,1400.9,2026-03-11 01:49:07.971412
7f22c0ff-c34f-4e28-bdbe-8714014da10c,CMP_LIVE_DECARBONIZATION_25_26,li-ad-live_decarbonization_25_26-1,cookie_284,linkedin,259.73,2026-03-11 02:22:01.971412
e5ec0dea-024f-4e64-af11-1c9ba64122c7,CMP_LIVE_DIGITAL_TWIN,li-ad-digital_twin-6,cookie_285,linkedin,898.92,2026-08-22 02:35:25.971412
f9569f68-0399-40be-b527-7ae881ca958f,CMP_PAST_SUSTAINABLE_ENGINEERING,li-ad-sustainable_engineering-3,cookie_286,linkedin,574.29,2025-10-25 02:08:46.971412
6dca60c1-75ed-49f6-b80a-889201e7269c,CMP_PAST_SUSTAINABLE_ENGINEERING,li-ad-sustainable_engineering-6,cookie_286,linkedin,806.03,2026-02-23 13:31:22.971412
a6ea1660-6271-41ad-bece-825657947374,CMP_LIVE_DIGITAL_TWIN,li-ad-digital_twin-6,cookie_291,linkedin,715.92,2026-08-22 11:35:00.971412
4832a3f8-2664-4ffb-9988-bc2a6e06623a,CMP_LIVE_DIGITAL_TWIN,li-ad-digital_twin-1,cookie_291,linkedin,782.13,2026-01-14 11:38:17.971412
1080bf33-d362-4651-af70-01b385ad413c,CMP_LIVE_HYDROGEN_INFRASTRUCTURE,li-ad-hydrogen_infrastructure-3,cookie_293,linkedin,904.06,2025-12-30 02:13:11.971412
b497bdd6-a48d-4b10-af58-6864243e9f44,CMP_LIVE_DIGITAL_TWIN,li-ad-digital_twin-1,cookie_296,linkedin,1259.04,2025-12-13 02:10:00.971412
87e3ffc8-9207-4733-bc79-91d899dad27a,CMP_LIVE_HYDROGEN_INFRASTRUCTURE,li-ad-hydrogen_infrastructure-4,cookie_297,linkedin,1431.86,2026-03-19 13:28:30.971412
215ceafa-563e-4fba-a3b6-8a8cb01a52b6,CMP_LIVE_HYDROGEN_INFRASTRUCTURE,li-ad-hydrogen_infrastructure-5,cookie_297,linkedin,1416.49,2026-03-30 22:57:49.971412
ffe0cfa9-7a85-401e-ac06-fd0eeb7fac96,CMP_LIVE_HYDROGEN_INFRASTRUCTURE,li-ad-hydrogen_infrastructure-2,cookie_297,linkedin,907.5,2025-11-02 19:02:13.971412
e6195a3e-67fc-41d6-970f-7b992cf28a11,CMP_LIVE_DIGITAL_TWIN,li-ad-digital_twin-3,cookie_298,linkedin,492.73,2026-05-07 03:51:16.971412
590dcf5e-8579-4a99-a88e-21f3b4260e78,CMP_PAST_ASSET_OPTIMIZATION,li-ad-asset_optimization-3,cookie_299,linkedin,580.68,2025-07-03 17:29:43.971412
f899ef9f-84dd-4c73-a0be-05ffcd4aaa4a,CMP_PAST_ASSET_OPTIMIZATION,li-ad-asset_optimization-6,cookie_299,linkedin,922.44,2025-11-24 01:40:59.971412
5d6e9ac1-df7a-45d3-8186-b48e157d1f8a,CMP_LIVE_DECARBONIZATION_25_26,li-ad-live_decarbonization_25_26-1,cookie_300,linkedin,1217.59,2026-03-12 11:42:34.971412
e470ee91-bdda-4695-94e7-cc3de847f3a9,CMP_LIVE_DECARBONIZATION_25_26,li-ad-live_decarbonization_25_26-3,cookie_300,linkedin,455.03,2026-07-17 15:24:17.971412
d2d3f0d4-356a-4a8e-b57c-57a5c1e13f76,CMP_LIVE_DIGITAL_TWIN,li-ad-digital_twin-4,cookie_301,linkedin,1372.53,2026-06-02 03:54:38.971412
2f280546-bb0f-44b9-99cf-1d7d10d76b9e,CMP_LIVE_DIGITAL_TWIN,li-ad-digital_twin-2,cookie_301,linkedin,484.96,2026-02-11 02:10:45.971412
6d4e47f6-8c62-4ae8-a6e0-8919d8d246b9,CMP_PAST_SUSTAINABLE_ENGINEERING,li-ad-sustainable_engineering-5,cookie_303,linkedin,1337.89,2026-01-24 01:21:38.971412
0613bae3-270a-481b-be7d-5ddb8fa45a0d,CMP_LIVE_DIGITAL_TWIN,li-ad-digital_twin-2,cookie_306,linkedin,1493.65,2026-02-15 20:30:33.971412
e5918332-07b0-40d0-8c33-765ee5c31826,CMP_LIVE_DECARBONIZATION_25_26,li-ad-live_decarbonization_25_26-4,cookie_310,linkedin,1122.16,2026-09-08 01:50:02.971412
05cd11fb-84a0-470f-98f2-844e7e8c34aa,CMP_PAST_ASSET_OPTIMIZATION,li-ad-asset_optimization-7,cookie_311,linkedin,877.88,2026-01-18 10:43:45.971412
be82c28a-e93c-4ddd-946c-4d1dc6c1ae72,CMP_LIVE_DIGITAL_TWIN,li-ad-digital_twin-2,cookie_312,linkedin,823.99,2026-02-16 01:59:46.971412
10323136-d41f-4bfc-a6a3-7296144c6ea4,CMP_PAST_SUSTAINABLE_ENGINEERING,li-ad-sustainable_engineering-5,cookie_313,linkedin,1254.61,2026-01-16 16:32:51.971412
ae59a223-0e55-48e5-a35c-4f802686af67,CMP_PAST_SUSTAINABLE_ENGINEERING,li-ad-sustainable_engineering-1,cookie_313,linkedin,1102.53,2025-07-08 04:58:35.971412
a662dd5b-1950-4dab-8775-cb1e40cb3a74,CMP_LIVE_DECARBONIZATION_25_26,li-ad-live_decarbonization_25_26-3,cookie_314,linkedin,285.01,2026-07-19 11:20:30.971412
88ba5c97-2166-41fc-b7e6-afa604953b64,CMP_LIVE_DECARBONIZATION_25_26,li-ad-live_decarbonization_25_26-2,cookie_314,linkedin,1375.01,2026-05-25 09:41:08.971412
0265d119-3404-4978-960e-8025e377b7b2,CMP_LIVE_DECARBONIZATION_25_26,li-ad-live_decarbonization_25_26-1,cookie_314,linkedin,876.37,2026-03-16 10:07:51.971412
e8680b0c-42eb-43e4-be72-42cbdc6ec4ed,CMP_LIVE_DIGITAL_TWIN,li-ad-digital_twin-1,cookie_315,linkedin,1307.18,2026-01-04 11:25:45.971412
6f14bce4-6a65-412d-832b-400da5fb3735,CMP_LIVE_DIGITAL_TWIN,li-ad-digital_twin-6,cookie_315,linkedin,1463.05,2026-08-31 22:21:09.971412
4dc478d2-cda6-4bb9-af1a-830add5cd08c,CMP_LIVE_HYDROGEN_INFRASTRUCTURE,li-ad-hydrogen_infrastructure-4,cookie_319,linkedin,1097.3,2026-02-10 16:24:50.971412
f860f963-b990-4dbd-a3de-ba255e87c6c8,CMP_LIVE_DIGITAL_TWIN,li-ad-digital_twin-1,cookie_321,linkedin,450.52,2025-12-13 01:49:11.971412
7c823a0d-c65e-404b-a5b5-3e7fdf4df025,CMP_LIVE_DIGITAL_TWIN,li-ad-digital_twin-5,cookie_321,linkedin,1483.66,2026-07-08 05:59:42.971412
9e4269d4-0095-455c-9ed3-c661eef47554,CMP_PAST_SUSTAINABLE_ENGINEERING,li-ad-sustainable_engineering-3,cookie_324,linkedin,1184.56,2025-09-20 06:22:43.971412
5371dc8e-c127-458e-9cd6-98d3e61cffd9,CMP_PAST_ASSET_OPTIMIZATION,li-ad-asset_optimization-5,cookie_325,linkedin,957.14,2025-10-10 22:47:55.971412
f13f9b49-7033-4385-92dc-65bb5fcd9e34,CMP_PAST_ASSET_OPTIMIZATION,li-ad-asset_optimization-6,cookie_325,linkedin,658.84,2025-12-19 05:19:37.971412
bc872af1-ec5a-4391-a3a0-5fe4af43e040,CMP_PAST_ASSET_OPTIMIZATION,li-ad-asset_optimization-2,cookie_325,linkedin,521.54,2025-06-13 15:48:20.971412
6018525e-8659-4850-82e1-743248a86b51,CMP_LIVE_HYDROGEN_INFRASTRUCTURE,li-ad-hydrogen_infrastructure-1,cookie_326,linkedin,561.25,2025-09-21 02:12:37.971412
a62fee6e-94fa-4f0f-9455-a350e8bb308a,CMP_LIVE_DIGITAL_TWIN,li-ad-digital_twin-3,cookie_329,linkedin,1070.47,2026-03-26 02:04:42.971412
26a2d9a2-f5cd-4f91-94c1-259a9fa7b2ea,CMP_LIVE_DECARBONIZATION_25_26,li-ad-live_decarbonization_25_26-2,cookie_330,linkedin,718.46,2026-05-23 14:16:42.971412
3ca91098-ff4b-4e3f-9666-be74e29a77b7,CMP_LIVE_DECARBONIZATION_25_26,li-ad-live_decarbonization_25_26-3,cookie_330,linkedin,1242.74,2026-07-19 05:57:31.971412
cf004026-3b22-498a-abb3-efcb3ff84ced,CMP_LIVE_DECARBONIZATION_25_26,li-ad-live_decarbonization_25_26-1,cookie_334,linkedin,703.32,2026-03-29 12:43:48.971412
4f12ef27-1cc6-47e3-9605-3549f4c3b833,CMP_LIVE_DIGITAL_TWIN,li-ad-digital_twin-4,cookie_336,linkedin,1151.93,2026-05-17 13:23:08.971412
925a271c-d791-4cff-bb6c-6790553e08f6,CMP_LIVE_DIGITAL_TWIN,li-ad-digital_twin-6,cookie_336,linkedin,333.52,2026-08-24 04:34:29.971412
6e7b4940-2ee0-468c-905c-ff346f426a68,CMP_LIVE_DIGITAL_TWIN,li-ad-digital_twin-6,cookie_338,linkedin,774.56,2026-08-23 04:55:13.971412
c1f2a30d-44b7-47e6-bec6-59a76f606ae6,CMP_LIVE_DIGITAL_TWIN,li-ad-digital_twin-4,cookie_338,linkedin,1296.77,2026-05-21 12:30:32.971412
83c28dc5-99a0-447c-82b6-c1d199f6c1de,CMP_LIVE_DIGITAL_TWIN,li-ad-digital_twin-1,cookie_338,linkedin,1266.45,2026-01-17 05:42:09.971412
c2615aa4-9621-4f5d-95e3-23f5df23894c,CMP_PAST_ASSET_OPTIMIZATION,li-ad-asset_optimization-7,cookie_339,linkedin,820.78,2026-01-11 01:47:14.971412
4994e733-8884-4ce8-8c95-7ec5253f42fc,CMP_LIVE_HYDROGEN_INFRASTRUCTURE,li-ad-hydrogen_infrastructure-2,cookie_341,linkedin,641.16,2025-11-08 14:21:37.971412
1e487ada-951b-485e-9d64-e480c8afeb98,CMP_PAST_SUSTAINABLE_ENGINEERING,li-ad-sustainable_engineering-7,cookie_342,linkedin,460.68,2026-04-09 02:28:50.971412
787ddd84-f81c-48a2-8c03-58edf58a4a31,CMP_LIVE_HYDROGEN_INFRASTRUCTURE,li-ad-hydrogen_infrastructure-5,cookie_343,linkedin,922.82,2026-04-13 20:00:46.971412
96cedc52-fd5f-4dfb-800d-2fa04208a165,CMP_LIVE_HYDROGEN_INFRASTRUCTURE,li-ad-hydrogen_infrastructure-7,cookie_343,linkedin,579.21,2026-07-15 06:44:21.971412
50a2a1cc-ea22-4eae-a6ee-727f2d164acd,CMP_LIVE_HYDROGEN_INFRASTRUCTURE,li-ad-hydrogen_infrastructure-3,cookie_343,linkedin,803.17,2026-02-12 23:21:52.971412
7e3d83b5-8fbd-4a4c-8328-6e0eda3bcb7e,CMP_LIVE_HYDROGEN_INFRASTRUCTURE,li-ad-hydrogen_infrastructure-2,cookie_343,linkedin,973.7,2025-11-19 02:24:33.971412
fba95fed-ff6b-496b-a8f9-c0b8a8aef657,CMP_LIVE_HYDROGEN_INFRASTRUCTURE,li-ad-hydrogen_infrastructure-4,cookie_343,linkedin,810.59,2026-02-10 01:47:12.971412
5d670e21-d17e-49ae-9ba8-d9f7fc7d53ae,CMP_PAST_ASSET_OPTIMIZATION,li-ad-asset_optimization-3,cookie_344,linkedin,1434.19,2025-06-27 19:35:40.971412
490814ef-c65e-4c94-8b25-0b57d2ef4ec2,CMP_PAST_ASSET_OPTIMIZATION,li-ad-asset_optimization-1,cookie_344,linkedin,697.94,2025-03-26 15:30:56.971412
8caeee47-3d11-4c37-98e8-bfd59995d931,CMP_PAST_ASSET_OPTIMIZATION,li-ad-asset_optimization-2,cookie_344,linkedin,1189.77,2025-05-10 16:10:17.971412
4b413ddf-4cb6-4ef7-bcbd-9a137c85735f,CMP_PAST_ASSET_OPTIMIZATION,li-ad-asset_optimization-2,cookie_345,linkedin,872.75,2025-05-17 11:01:44.971412
0411d954-529a-488f-8509-e20455c1e0af,CMP_PAST_SUSTAINABLE_ENGINEERING,li-ad-sustainable_engineering-6,cookie_346,linkedin,1214.98,2026-03-17 02:56:43.971412
931bd5f0-cebf-480e-bd2a-0c44fbaf66fe,CMP_LIVE_DECARBONIZATION_25_26,li-ad-live_decarbonization_25_26-3,cookie_349,linkedin,504.51,2026-07-12 01:49:02.971412
b44969bb-7a55-4bc8-a20f-47ec440f734b,CMP_LIVE_DECARBONIZATION_25_26,li-ad-live_decarbonization_25_26-1,cookie_349,linkedin,395.41,2026-04-09 15:23:06.971412
4c655486-0bcb-4341-95a2-1cb65d5ccc62,CMP_LIVE_DECARBONIZATION_25_26,li-ad-live_decarbonization_25_26-4,cookie_349,linkedin,714.73,2026-09-08 12:59:22.971412
21995000-f7b9-4976-82b8-c128ab45fe7d,CMP_PAST_SUSTAINABLE_ENGINEERING,li-ad-sustainable_engineering-4,cookie_352,linkedin,608.05,2025-11-17 08:53:33.971412
6fcd1e4e-d925-4220-975e-c05bcf56153e,CMP_PAST_SUSTAINABLE_ENGINEERING,li-ad-sustainable_engineering-3,cookie_352,linkedin,399.25,2025-09-20 01:56:10.971412
6d0f8f2e-42b8-4bf1-9aeb-0f21ebb94988,CMP_PAST_SUSTAINABLE_ENGINEERING,li-ad-sustainable_engineering-5,cookie_352,linkedin,563.5,2026-02-02 15:08:55.971412
51fc3df6-d005-444b-a397-12b8d61e41f5,CMP_PAST_SUSTAINABLE_ENGINEERING,li-ad-sustainable_engineering-2,cookie_352,linkedin,1015.76,2025-08-20 20:38:38.971412
9987bb7b-53aa-4383-a0c0-1dc7c7d71257,CMP_LIVE_HYDROGEN_INFRASTRUCTURE,li-ad-hydrogen_infrastructure-3,cookie_353,linkedin,691.18,2026-01-21 11:50:03.971412
c46d6828-1e7b-4a49-8323-5ae123bef1ae,CMP_LIVE_HYDROGEN_INFRASTRUCTURE,li-ad-hydrogen_infrastructure-5,cookie_353,linkedin,825.73,2026-04-26 12:11:09.971412
2e966b67-c5d7-4f03-823e-4438e5933cd4,CMP_LIVE_DIGITAL_TWIN,li-ad-digital_twin-1,cookie_354,linkedin,433.31,2025-12-21 19:33:41.971412
554955e9-a8c3-4de6-8f1a-79c19d940ea4,CMP_LIVE_DIGITAL_TWIN,li-ad-digital_twin-4,cookie_355,linkedin,958.48,2026-06-22 04:56:33.971412
18e168e3-726b-447f-b960-53238dbec99b,CMP_LIVE_DIGITAL_TWIN,li-ad-digital_twin-1,cookie_355,linkedin,336.11,2026-01-09 20:46:42.971412
39b73480-1fea-4bda-bc17-bc9551f94e5c,CMP_LIVE_DIGITAL_TWIN,li-ad-digital_twin-3,cookie_355,linkedin,650.87,2026-05-03 13:06:57.971412
5f1f0027-df30-44e1-98a7-3cc96e3417a4,CMP_LIVE_DIGITAL_TWIN,li-ad-digital_twin-1,cookie_358,linkedin,1391.68,2026-01-01 00:23:23.971412
4ec3f0aa-44f4-4044-bcde-33f6f99c06d5,CMP_LIVE_DIGITAL_TWIN,li-ad-digital_twin-2,cookie_358,linkedin,410.66,2026-02-11 01:47:13.971412
ec7b97df-ad7b-4c13-a73f-e70a3f114a93,CMP_LIVE_DIGITAL_TWIN,li-ad-digital_twin-3,cookie_358,linkedin,1032.66,2026-03-26 02:25:49.971412
3573d1a1-7076-4893-92ad-2605bccc7437,CMP_LIVE_DIGITAL_TWIN,li-ad-digital_twin-5,cookie_358,linkedin,663.63,2026-07-15 05:00:16.971412
96ff7be8-593f-4e7f-b0b0-f8c2ba9db5f2,CMP_LIVE_DIGITAL_TWIN,li-ad-digital_twin-4,cookie_358,linkedin,1439.24,2026-05-17 01:51:46.971412
d012677a-e746-41ab-a012-1f7c89e30e71,CMP_LIVE_HYDROGEN_INFRASTRUCTURE,li-ad-hydrogen_infrastructure-2,cookie_360,linkedin,1214.23,2025-11-01 12:53:10.971412
df266bf5-4c22-4575-98e3-5f772dd02ec9,CMP_LIVE_HYDROGEN_INFRASTRUCTURE,li-ad-hydrogen_infrastructure-7,cookie_360,linkedin,1097.74,2026-07-23 18:10:37.971412
39fc5962-30f9-4b3b-90fd-562b17a3f00e,CMP_LIVE_DIGITAL_TWIN,li-ad-digital_twin-4,cookie_362,linkedin,427.6,2026-05-18 22:56:11.971412
85acf198-c6e9-448a-9218-795310e0b05f,CMP_PAST_ASSET_OPTIMIZATION,li-ad-asset_optimization-5,cookie_363,linkedin,487.43,2025-10-10 08:12:24.971412
5418f9a1-8941-4ce6-8ea2-05745953c502,CMP_PAST_ASSET_OPTIMIZATION,li-ad-asset_optimization-7,cookie_363,linkedin,1038.07,2026-01-11 02:28:12.971412
a0cb84cf-94d5-41be-9725-b925990945c0,CMP_PAST_ASSET_OPTIMIZATION,li-ad-asset_optimization-1,cookie_363,linkedin,712.51,2025-03-15 01:47:12.971412
bcbed9bb-2bb0-4c2e-b2a4-cc59786c4aa0,CMP_PAST_ASSET_OPTIMIZATION,li-ad-asset_optimization-6,cookie_363,linkedin,1029.51,2025-12-07 07:51:21.971412
2c386f02-d117-4576-87b4-21ec36fa99ec,CMP_LIVE_DIGITAL_TWIN,li-ad-digital_twin-5,cookie_365,linkedin,500.07,2026-08-04 10:58:12.971412
637423ef-d5e1-4571-887f-b3fdb8a9aa31,CMP_LIVE_HYDROGEN_INFRASTRUCTURE,li-ad-hydrogen_infrastructure-1,cookie_366,linkedin,1142.08,2025-10-03 08:31:38.971412
867abcdb-f73f-4558-8da0-132e3e680c8d,CMP_LIVE_HYDROGEN_INFRASTRUCTURE,li-ad-hydrogen_infrastructure-8,cookie_366,linkedin,649.32,2026-09-06 01:48:14.971412
93719bd0-080d-41e4-b70c-59eafa7421ea,CMP_LIVE_HYDROGEN_INFRASTRUCTURE,li-ad-hydrogen_infrastructure-3,cookie_366,linkedin,1169.63,2026-01-14 01:38:30.971412
7e7dc72a-351b-4547-aef8-a7d8c054dafa,CMP_PAST_SUSTAINABLE_ENGINEERING,li-ad-sustainable_engineering-2,cookie_367,linkedin,1149.93,2025-08-13 21:04:01.971412
9c6047cb-53aa-46b5-ae75-fe3145d4629e,CMP_PAST_SUSTAINABLE_ENGINEERING,li-ad-sustainable_engineering-3,cookie_367,linkedin,384.08,2025-09-20 01:49:33.971412
cfb3f905-393a-4d4d-9149-0cd59d26254d,CMP_PAST_SUSTAINABLE_ENGINEERING,li-ad-sustainable_engineering-5,cookie_367,linkedin,1160.94,2026-01-10 20:09:38.971412
81e5b7bf-3cfb-4f8c-8af5-1942ae77fd56,CMP_PAST_SUSTAINABLE_ENGINEERING,li-ad-sustainable_engineering-1,cookie_367,linkedin,519.14,2025-06-24 01:47:43.971412
8faec179-8c4b-486d-9d50-dc34cda9ea55,CMP_LIVE_HYDROGEN_INFRASTRUCTURE,li-ad-hydrogen_infrastructure-4,cookie_368,linkedin,1045.89,2026-02-10 02:00:46.971412
ce5e244d-4318-4571-808a-db9ccaa96717,CMP_LIVE_DECARBONIZATION_25_26,li-ad-live_decarbonization_25_26-1,cookie_371,linkedin,1345.47,2026-04-18 04:54:00.971412
ad00af31-94f1-4331-aec4-18e5bf88814f,CMP_LIVE_DECARBONIZATION_25_26,li-ad-live_decarbonization_25_26-2,cookie_371,linkedin,809.99,2026-05-23 05:04:13.971412
7c93f50a-be51-4cc4-aab8-dba7290bea11,CMP_PAST_ASSET_OPTIMIZATION,li-ad-asset_optimization-6,cookie_373,linkedin,677.06,2025-11-23 02:15:53.971412
50be5e86-0610-4afd-b78a-44cc363ed45f,CMP_PAST_ASSET_OPTIMIZATION,li-ad-asset_optimization-7,cookie_373,linkedin,1174.64,2026-02-15 13:14:30.971412
990d34cc-2c4e-45c3-bf74-cab4dd749e67,CMP_PAST_ASSET_OPTIMIZATION,li-ad-asset_optimization-5,cookie_374,linkedin,869.0,2025-10-28 12:00:40.971412
6dd76f7c-2949-4ccf-a4d7-b6bb54c69645,CMP_PAST_ASSET_OPTIMIZATION,li-ad-asset_optimization-7,cookie_374,linkedin,552.29,2026-02-16 17:51:47.971412
cb511338-0d62-41d4-b600-d6097b1b8b1a,CMP_PAST_ASSET_OPTIMIZATION,li-ad-asset_optimization-2,cookie_374,linkedin,288.87,2025-05-10 01:47:13.971412
05604d34-6768-48b7-afc0-767dabf54be3,CMP_PAST_SUSTAINABLE_ENGINEERING,li-ad-sustainable_engineering-4,cookie_375,linkedin,1212.23,2025-12-01 12:51:16.971412
3b00f754-7816-4f94-bf51-46e84b471658,CMP_PAST_SUSTAINABLE_ENGINEERING,li-ad-sustainable_engineering-5,cookie_375,linkedin,724.96,2026-02-22 02:48:35.971412
eb512eee-b734-4c53-bfe9-13f934328ac7,CMP_PAST_SUSTAINABLE_ENGINEERING,li-ad-sustainable_engineering-1,cookie_375,linkedin,929.67,2025-06-26 08:42:23.971412
9b66a890-7a83-43ce-b4b3-696a4f7f65ad,CMP_PAST_SUSTAINABLE_ENGINEERING,li-ad-sustainable_engineering-1,cookie_378,linkedin,415.0,2025-06-24 02:34:34.971412
6e9131e1-f39a-4fc0-9350-dcd410a360b2,CMP_PAST_ASSET_OPTIMIZATION,li-ad-asset_optimization-3,cookie_381,linkedin,847.35,2025-06-27 10:01:00.971412
38d70098-9316-4da4-97d3-0cfd770fe403,CMP_PAST_ASSET_OPTIMIZATION,li-ad-asset_optimization-7,cookie_381,linkedin,766.57,2026-01-11 03:03:56.971412
25494a95-d370-4463-903d-bc8f3deb2dab,CMP_PAST_SUSTAINABLE_ENGINEERING,li-ad-sustainable_engineering-6,cookie_387,linkedin,997.66,2026-02-22 05:48:29.971412
c2a3adc1-5a5f-4946-a376-6c5c167fa2e7,CMP_LIVE_DECARBONIZATION_25_26,li-ad-live_decarbonization_25_26-1,cookie_388,linkedin,596.7,2026-04-03 06:05:42.971412
1934d400-77bc-4e97-b72e-25756045fb30,CMP_LIVE_DIGITAL_TWIN,li-ad-digital_twin-6,cookie_389,linkedin,787.25,2026-08-22 04:11:41.971412
403f150a-1293-416d-b9cd-f139b9ab17d4,CMP_LIVE_HYDROGEN_INFRASTRUCTURE,li-ad-hydrogen_infrastructure-5,cookie_391,linkedin,275.9,2026-04-02 04:43:43.971412
34bb3e18-795b-420d-ae9f-20d00c3b3b33,CMP_PAST_ASSET_OPTIMIZATION,li-ad-asset_optimization-2,cookie_392,linkedin,825.97,2025-05-10 01:47:12.971412
89f3ed68-6f0b-4486-87e9-70d4a8155c89,CMP_PAST_ASSET_OPTIMIZATION,li-ad-asset_optimization-5,cookie_392,linkedin,1429.11,2025-11-17 15:09:08.971412
25c1b668-c133-46ac-a048-cca5969fcc66,CMP_PAST_SUSTAINABLE_ENGINEERING,li-ad-sustainable_engineering-1,cookie_396,linkedin,316.4,2025-06-24 10:00:44.971412
7300735d-7627-448c-9210-2877cf9d4229,CMP_LIVE_DIGITAL_TWIN,li-ad-digital_twin-4,cookie_397,linkedin,664.32,2026-05-17 01:48:33.971412
0f82575f-95d0-4120-b887-2fa8259258c5,CMP_LIVE_DECARBONIZATION_25_26,li-ad-live_decarbonization_25_26-1,cookie_398,linkedin,594.7,2026-03-17 14:10:38.971412
90677076-ced0-494a-9c97-74335ab4a5f7,CMP_LIVE_DECARBONIZATION_25_26,li-ad-live_decarbonization_25_26-4,cookie_398,linkedin,349.96,2026-09-08 03:12:35.971412
82a506ec-9381-4d2d-8415-88bba245e3ad,CMP_LIVE_DECARBONIZATION_25_26,li-ad-live_decarbonization_25_26-3,cookie_398,linkedin,934.91,2026-07-17 01:31:54.971412
9c7e1bfb-3fe6-4eba-bfec-20bac6cde0f7,CMP_LIVE_DECARBONIZATION_25_26,li-ad-live_decarbonization_25_26-2,cookie_398,linkedin,658.17,2026-05-30 05:34:17.971412
53514f2b-9456-4f9a-b6a5-41096d7af7be,CMP_PAST_SUSTAINABLE_ENGINEERING,li-ad-sustainable_engineering-4,cookie_399,linkedin,790.21,2025-11-18 07:06:34.971412
7cabec7f-d92f-4a3b-bd2c-72c85b196665,CMP_LIVE_DECARBONIZATION_25_26,li-ad-live_decarbonization_25_26-4,cookie_400,linkedin,991.71,2026-09-08 01:47:23.971412
3983cf35-78e1-46ad-8eb3-747c71021466,CMP_LIVE_DECARBONIZATION_25_26,li-ad-live_decarbonization_25_26-1,cookie_400,linkedin,1124.93,2026-03-18 18:56:07.971412
b0733a86-6d4d-4b03-bafe-b1c89d7dc53b,CMP_PAST_SUSTAINABLE_ENGINEERING,li-ad-sustainable_engineering-2,cookie_401,linkedin,769.75,2025-09-17 09:26:57.971412
9a6af964-a2f6-4a09-9296-90a99c2baa90,CMP_PAST_SUSTAINABLE_ENGINEERING,li-ad-sustainable_engineering-3,cookie_401,linkedin,869.2,2025-09-23 04:27:34.971412
7cbb1303-e3a2-4c8f-86c7-a2b9adc16ace,CMP_PAST_SUSTAINABLE_ENGINEERING,li-ad-sustainable_engineering-7,cookie_401,linkedin,1015.28,2026-04-15 09:45:08.971412
2106b4bc-cf0b-4d2b-84b2-4d9f2db9ab12,CMP_PAST_ASSET_OPTIMIZATION,li-ad-asset_optimization-7,cookie_404,linkedin,1234.99,2026-01-26 15:07:37.971412
ee4ba83d-3e19-43b8-95c0-822863db8ce2,CMP_LIVE_HYDROGEN_INFRASTRUCTURE,li-ad-hydrogen_infrastructure-2,cookie_406,linkedin,444.46,2025-11-01 01:49:23.971412
0f2ed47c-c7b8-409f-bcdf-5e43b616a162,CMP_LIVE_HYDROGEN_INFRASTRUCTURE,li-ad-hydrogen_infrastructure-7,cookie_406,linkedin,1187.17,2026-07-14 16:00:14.971412
304da193-3ade-44c4-982c-9a0d21bb5046,CMP_PAST_ASSET_OPTIMIZATION,li-ad-asset_optimization-6,cookie_408,linkedin,421.15,2025-12-31 22:46:00.971412
256d2443-4d92-4af5-8873-b223dd8d4350,CMP_PAST_ASSET_OPTIMIZATION,li-ad-asset_optimization-5,cookie_408,linkedin,872.86,2025-10-10 20:42:05.971412
12e49096-f180-40b7-801c-b1624ab25a62,CMP_PAST_ASSET_OPTIMIZATION,li-ad-asset_optimization-7,cookie_408,linkedin,1314.46,2026-01-17 00:29:11.971412
a4355132-4127-4e77-85c1-db591d64df7c,CMP_LIVE_HYDROGEN_INFRASTRUCTURE,li-ad-hydrogen_infrastructure-2,cookie_409,linkedin,586.31,2025-11-09 12:06:54.971412
88b2c42a-4ab6-4516-bd24-132232fe716a,CMP_LIVE_HYDROGEN_INFRASTRUCTURE,li-ad-hydrogen_infrastructure-1,cookie_409,linkedin,701.41,2025-09-23 06:08:22.971412
8207f093-22ea-4178-8300-d5047dfb50aa,CMP_LIVE_HYDROGEN_INFRASTRUCTURE,li-ad-hydrogen_infrastructure-4,cookie_409,linkedin,460.47,2026-02-10 01:50:07.971412
b59a91dc-91d5-4284-b127-57c9160a6914,CMP_PAST_SUSTAINABLE_ENGINEERING,li-ad-sustainable_engineering-2,cookie_411,linkedin,1436.43,2025-08-13 16:00:08.971412
98c47a67-eefd-4952-a2e2-db3f7e6b6de6,CMP_PAST_SUSTAINABLE_ENGINEERING,li-ad-sustainable_engineering-5,cookie_413,linkedin,1183.0,2026-01-27 10:57:51.971412
93233295-9e01-44ec-95a3-6a3f4b2777c9,CMP_LIVE_DECARBONIZATION_25_26,li-ad-live_decarbonization_25_26-2,cookie_414,linkedin,1471.81,2026-05-30 01:15:17.971412
f274eb4f-ef9e-4871-9c46-435bcb3a0bb2,CMP_LIVE_DECARBONIZATION_25_26,li-ad-live_decarbonization_25_26-2,cookie_415,linkedin,304.85,2026-05-24 08:31:27.971412
ed88fb5a-8ea5-4472-b12b-ce5483702593,CMP_PAST_ASSET_OPTIMIZATION,li-ad-asset_optimization-4,cookie_417,linkedin,520.45,2025-09-09 03:07:32.971412
711c8a89-ad9b-4c8c-a588-034ae0e314ba,CMP_LIVE_DECARBONIZATION_25_26,li-ad-live_decarbonization_25_26-3,cookie_421,linkedin,446.75,2026-08-08 20:28:12.971412
aa6b6daa-5ca3-4da2-9b87-b5dd478ab0fc,CMP_LIVE_DECARBONIZATION_25_26,li-ad-live_decarbonization_25_26-4,cookie_421,linkedin,519.48,2026-09-08 06:21:17.971412
cf69eb32-f88d-4d69-982b-81b659fdd116,CMP_PAST_ASSET_OPTIMIZATION,li-ad-asset_optimization-1,cookie_422,linkedin,408.47,2025-04-02 04:41:10.971412
76a051c9-48f0-470a-ba0b-50a9529316ca,CMP_PAST_ASSET_OPTIMIZATION,li-ad-asset_optimization-6,cookie_422,linkedin,1270.88,2025-12-04 16:02:20.971412
581ad52e-6bf1-4233-a33b-15108a1f627a,CMP_LIVE_DECARBONIZATION_25_26,li-ad-live_decarbonization_25_26-3,cookie_429,linkedin,1341.81,2026-07-12 01:50:09.971412
27b0c3ef-ecf2-4576-8ee2-870a00676ea1,CMP_PAST_SUSTAINABLE_ENGINEERING,li-ad-sustainable_engineering-1,cookie_430,linkedin,837.29,2025-07-03 01:41:18.971412
35258320-c433-440a-b514-58791187776a,CMP_LIVE_DECARBONIZATION_25_26,li-ad-live_decarbonization_25_26-1,cookie_436,linkedin,1384.92,2026-04-18 08:29:25.971412
7e734efc-ae81-4af4-b345-b302c17342c2,CMP_LIVE_DECARBONIZATION_25_26,li-ad-live_decarbonization_25_26-4,cookie_436,linkedin,739.7,2026-09-08 06:55:18.971412
53c512f9-7409-4894-93d3-4da71e52f106,CMP_LIVE_HYDROGEN_INFRASTRUCTURE,li-ad-hydrogen_infrastructure-4,cookie_437,linkedin,1289.24,2026-03-24 05:58:41.971412
fd025a8b-3076-4a48-82bf-67d56ca5c1b7,CMP_LIVE_HYDROGEN_INFRASTRUCTURE,li-ad-hydrogen_infrastructure-3,cookie_437,linkedin,457.0,2026-01-04 06:28:00.971412
d1d4b9cf-afdd-4aed-b8d8-3c758bc2596e,CMP_PAST_SUSTAINABLE_ENGINEERING,li-ad-sustainable_engineering-2,cookie_439,linkedin,525.5,2025-08-14 08:44:54.971412
2da05768-672d-4716-9efa-fdcfe039ff34,CMP_PAST_SUSTAINABLE_ENGINEERING,li-ad-sustainable_engineering-5,cookie_440,linkedin,1371.33,2026-01-09 02:11:03.971412
c04ebf35-35bc-46c9-87b3-41a65a52e7ec,CMP_PAST_SUSTAINABLE_ENGINEERING,li-ad-sustainable_engineering-5,cookie_441,linkedin,676.67,2026-01-15 07:19:43.971412
44d8a116-a2e4-4d63-aa07-723e7a4942d8,CMP_LIVE_HYDROGEN_INFRASTRUCTURE,li-ad-hydrogen_infrastructure-2,cookie_444,linkedin,490.05,2025-11-01 06:08:14.971412
46ee7edf-4973-4d07-a1dc-e4e7a8c57e33,CMP_PAST_ASSET_OPTIMIZATION,li-ad-asset_optimization-4,cookie_447,linkedin,1015.08,2025-08-23 13:36:20.971412
c6b89be1-9ddb-40e5-bfc0-572e9eadf423,CMP_PAST_ASSET_OPTIMIZATION,li-ad-asset_optimization-5,cookie_447,linkedin,1033.72,2025-10-17 17:20:23.971412
c14f4a0e-9034-4efc-b513-882955148338,CMP_PAST_SUSTAINABLE_ENGINEERING,li-ad-sustainable_engineering-1,cookie_449,linkedin,1408.96,2025-06-26 05:14:21.971412
7de7ff16-c804-473d-b986-edbe1f7e8716,CMP_PAST_SUSTAINABLE_ENGINEERING,li-ad-sustainable_engineering-5,cookie_452,linkedin,393.73,2026-01-09 05:33:15.971412
257f0328-6179-41f1-9569-d6f6826dcd2c,CMP_PAST_SUSTAINABLE_ENGINEERING,li-ad-sustainable_engineering-3,cookie_452,linkedin,668.81,2025-09-20 01:47:12.971412
a8088953-4860-4868-9101-5e595ac85529,CMP_LIVE_DECARBONIZATION_25_26,li-ad-live_decarbonization_25_26-1,cookie_454,linkedin,1114.74,2026-04-16 22:39:00.971412
e8dd1d92-3ea4-4e8d-a876-b431232ef3f8,CMP_LIVE_DECARBONIZATION_25_26,li-ad-live_decarbonization_25_26-3,cookie_454,linkedin,1225.31,2026-07-12 07:57:15.971412
6d91d5cc-4edd-434b-9ded-4f8c87874ee9,CMP_LIVE_DECARBONIZATION_25_26,li-ad-live_decarbonization_25_26-3,cookie_457,linkedin,737.69,2026-07-26 17:45:54.971412
2c52f103-621e-48da-9571-7798ce57caaa,CMP_LIVE_DIGITAL_TWIN,li-ad-digital_twin-4,cookie_458,linkedin,742.58,2026-05-19 02:25:55.971412
c05b9716-0a77-4f72-be40-9adf12ddbe61,CMP_PAST_SUSTAINABLE_ENGINEERING,li-ad-sustainable_engineering-1,cookie_459,linkedin,455.53,2025-06-24 16:15:02.971412
3675e43f-dd2b-4cc9-a401-bb0e52be00bd,CMP_PAST_SUSTAINABLE_ENGINEERING,li-ad-sustainable_engineering-6,cookie_459,linkedin,1138.27,2026-02-22 01:55:26.971412
29daadce-24c1-46ab-9594-93bc050f2353,CMP_LIVE_HYDROGEN_INFRASTRUCTURE,li-ad-hydrogen_infrastructure-2,cookie_461,linkedin,692.32,2025-11-01 01:47:17.971412
22d64797-d1a3-47a6-bf19-33cd67e7e913,CMP_PAST_ASSET_OPTIMIZATION,li-ad-asset_optimization-2,cookie_462,linkedin,672.36,2025-05-12 17:26:10.971412
c6186b92-024f-4388-8fe9-b2cd81e60e2f,CMP_PAST_ASSET_OPTIMIZATION,li-ad-asset_optimization-1,cookie_462,linkedin,785.13,2025-04-03 16:16:01.971412
098db147-9487-40b5-8ecc-fe64867240f1,CMP_PAST_SUSTAINABLE_ENGINEERING,li-ad-sustainable_engineering-4,cookie_464,linkedin,1453.87,2025-11-17 02:15:07.971412
fd46b497-0538-4725-89b0-25087e28802f,CMP_LIVE_DIGITAL_TWIN,li-ad-digital_twin-3,cookie_465,linkedin,443.99,2026-03-26 02:57:58.971412
a565d90c-9915-42e3-b84e-9f570debd962,CMP_LIVE_DIGITAL_TWIN,li-ad-digital_twin-6,cookie_465,linkedin,764.93,2026-08-22 02:38:38.971412
d88f0e10-21fc-4294-88aa-6adb1e26b9d1,CMP_PAST_ASSET_OPTIMIZATION,li-ad-asset_optimization-7,cookie_471,linkedin,1223.68,2026-01-11 01:52:10.971412
ca789d2b-6101-4e63-b387-bafe216482c8,CMP_LIVE_DECARBONIZATION_25_26,li-ad-live_decarbonization_25_26-1,cookie_472,linkedin,991.86,2026-03-11 03:54:13.971412
c9c16634-03f2-41bc-b21e-aef6178488cb,CMP_LIVE_DECARBONIZATION_25_26,li-ad-live_decarbonization_25_26-3,cookie_475,linkedin,734.21,2026-07-15 21:22:28.971412
e902185f-1046-461b-995a-27b0187ac306,CMP_LIVE_DECARBONIZATION_25_26,li-ad-live_decarbonization_25_26-4,cookie_475,linkedin,282.06,2026-09-08 10:36:11.971412
d46a0094-eb71-40ea-8e47-c5a0f420435a,CMP_LIVE_DECARBONIZATION_25_26,li-ad-live_decarbonization_25_26-1,cookie_476,linkedin,412.48,2026-03-12 09:00:28.971412
27c0f70a-2ce7-4260-b902-8d29fa57893a,CMP_LIVE_DECARBONIZATION_25_26,li-ad-live_decarbonization_25_26-4,cookie_476,linkedin,1376.4,2026-09-08 06:04:23.971412
f1846f74-87f4-4135-8cc5-47ee4b7eb5df,CMP_LIVE_DIGITAL_TWIN,li-ad-digital_twin-3,cookie_477,linkedin,713.61,2026-04-01 20:23:04.971412
d0591549-2a56-4426-a422-255546c33fe4,CMP_PAST_ASSET_OPTIMIZATION,li-ad-asset_optimization-6,cookie_479,linkedin,355.54,2025-11-23 01:48:05.971412
ce73043e-dbc2-470c-9139-b5a20cdb2cc8,CMP_LIVE_HYDROGEN_INFRASTRUCTURE,li-ad-hydrogen_infrastructure-8,cookie_481,linkedin,333.74,2026-09-06 22:08:45.971412
9c27d42d-6828-4004-9ae1-0017adc777ea,CMP_LIVE_HYDROGEN_INFRASTRUCTURE,li-ad-hydrogen_infrastructure-7,cookie_481,linkedin,361.28,2026-07-14 02:43:17.971412
63eff58c-65b9-43cd-acfb-066bcd02cdd5,CMP_LIVE_HYDROGEN_INFRASTRUCTURE,li-ad-hydrogen_infrastructure-6,cookie_481,linkedin,879.56,2026-06-14 02:01:35.971412
fb618433-a595-4f9b-b299-25bd534b0154,CMP_LIVE_DECARBONIZATION_25_26,li-ad-live_decarbonization_25_26-3,cookie_482,linkedin,450.9,2026-07-15 18:20:03.971412
90b968b5-4cea-4524-ba8a-cf1173f89739,CMP_LIVE_HYDROGEN_INFRASTRUCTURE,li-ad-hydrogen_infrastructure-8,cookie_484,linkedin,335.19,2026-09-06 08:05:18.971412
3100ea96-0b03-4466-a564-a324c28dadb8,CMP_PAST_ASSET_OPTIMIZATION,li-ad-asset_optimization-2,cookie_485,linkedin,1194.36,2025-05-10 19:28:36.971412
6876e5be-592e-4934-9e70-e02f86299c91,CMP_PAST_ASSET_OPTIMIZATION,li-ad-asset_optimization-3,cookie_485,linkedin,1028.18,2025-07-15 10:48:30.971412
035262b4-dd9a-47a7-a9e0-368e8c6e668c,CMP_PAST_ASSET_OPTIMIZATION,li-ad-asset_optimization-6,cookie_485,linkedin,932.39,2025-12-29 07:04:22.971412
f853b9cd-8bd9-4e42-b194-cf72d58a25f0,CMP_PAST_ASSET_OPTIMIZATION,li-ad-asset_optimization-1,cookie_485,linkedin,1017.12,2025-03-15 01:56:54.971412
0d7746ff-040c-4afc-bad1-a4d3fe99484a,CMP_LIVE_HYDROGEN_INFRASTRUCTURE,li-ad-hydrogen_infrastructure-8,cookie_491,linkedin,1351.69,2026-09-06 03:24:00.971412
ff72e372-50da-40c6-8b6e-098f23642b2e,CMP_LIVE_HYDROGEN_INFRASTRUCTURE,li-ad-hydrogen_infrastructure-5,cookie_491,linkedin,843.23,2026-03-30 01:47:12.971412
2e26dd3d-db7c-4289-a1b7-695c101ce614,CMP_LIVE_HYDROGEN_INFRASTRUCTURE,li-ad-hydrogen_infrastructure-2,cookie_491,linkedin,1353.1,2025-11-06 02:11:38.971412
b9191bf2-db04-402d-83a8-2f97e1bfff47,CMP_LIVE_HYDROGEN_INFRASTRUCTURE,li-ad-hydrogen_infrastructure-7,cookie_491,linkedin,942.63,2026-07-14 01:47:32.971412
3a86b66a-8a2a-4d55-9b2f-6afc5b9bc9ae,CMP_LIVE_HYDROGEN_INFRASTRUCTURE,li-ad-hydrogen_infrastructure-3,cookie_491,linkedin,580.91,2025-12-30 21:42:01.971412
d9dace87-1cc7-44d1-aeee-b9c22bcd295e,CMP_LIVE_DECARBONIZATION_25_26,li-ad-live_decarbonization_25_26-3,cookie_494,linkedin,1351.37,2026-08-04 07:39:41.971412
cf180c9e-ed72-4c92-ba4e-62838ed031c7,CMP_PAST_ASSET_OPTIMIZATION,li-ad-asset_optimization-7,cookie_496,linkedin,326.15,2026-01-21 07:26:38.971412
f3f85280-c9c8-40ba-9f7e-a64ac5f0cd89,CMP_PAST_ASSET_OPTIMIZATION,li-ad-asset_optimization-3,cookie_496,linkedin,1128.85,2025-06-25 11:42:45.971412
cd50c4f0-dc68-4dfa-be77-88fe5e04790c,CMP_PAST_SUSTAINABLE_ENGINEERING,li-ad-sustainable_engineering-6,cookie_497,linkedin,874.96,2026-03-02 14:07:54.971412
d703186c-e23a-4cbe-ab96-8ee52dd097ee,CMP_PAST_ASSET_OPTIMIZATION,li-ad-asset_optimization-6,cookie_499,linkedin,1429.26,2025-11-23 05:36:46.971412
522b2f31-72e5-4b7c-9ba7-021de9b78a67,CMP_PAST_ASSET_OPTIMIZATION,li-ad-asset_optimization-5,cookie_499,linkedin,1095.35,2025-10-10 12:36:32.971412
eead2973-6991-484e-8887-083ff078e12c,CMP_PAST_ASSET_OPTIMIZATION,li-ad-asset_optimization-1,cookie_499,linkedin,1269.48,2025-03-15 22:02:25.971412
ed280c1f-a5a8-444b-ae89-4b5e51f0bbbe,CMP_PAST_ASSET_OPTIMIZATION,li-ad-asset_optimization-7,cookie_499,linkedin,343.17,2026-01-12 17:21:59.971412
62e3adaf-260f-40fe-8c37-662da3f6517e,CMP_LIVE_HYDROGEN_INFRASTRUCTURE,li-ad-hydrogen_infrastructure-8,cookie_501,linkedin,340.81,2026-09-06 19:41:56.971412
5fa2c0e8-54bc-4dbc-a615-e022f07484b0,CMP_PAST_ASSET_OPTIMIZATION,li-ad-asset_optimization-4,cookie_503,linkedin,453.4,2025-08-20 07:12:56.971412
4d302074-00b7-43f5-805a-444015dd2426,CMP_LIVE_HYDROGEN_INFRASTRUCTURE,li-ad-hydrogen_infrastructure-3,cookie_504,linkedin,1013.78,2026-01-31 05:57:10.971412
6d708b8e-16b9-4b65-a7a5-1b13edf180b5,CMP_LIVE_HYDROGEN_INFRASTRUCTURE,li-ad-hydrogen_infrastructure-8,cookie_504,linkedin,323.01,2026-09-06 02:04:54.971412
7ddccf67-e8ad-4afa-9707-5711ea30fdfe,CMP_LIVE_HYDROGEN_INFRASTRUCTURE,li-ad-hydrogen_infrastructure-6,cookie_504,linkedin,1243.55,2026-06-24 21:42:10.971412
ec19ab1b-ab47-43ac-a332-e313189512c1,CMP_LIVE_HYDROGEN_INFRASTRUCTURE,li-ad-hydrogen_infrastructure-1,cookie_504,linkedin,967.95,2025-09-21 01:51:44.971412
3c93bdf4-dca9-47d5-9a2e-7911a182dd4c,CMP_LIVE_HYDROGEN_INFRASTRUCTURE,li-ad-hydrogen_infrastructure-4,cookie_504,linkedin,1357.39,2026-03-04 21:23:20.971412
2e766915-a154-4bcd-b694-c2e080c446cc,CMP_LIVE_HYDROGEN_INFRASTRUCTURE,li-ad-hydrogen_infrastructure-5,cookie_504,linkedin,638.57,2026-03-30 03:35:29.971412
63e78558-2dee-4a9a-b944-0dba888c17bc,CMP_LIVE_HYDROGEN_INFRASTRUCTURE,li-ad-hydrogen_infrastructure-5,cookie_505,linkedin,879.22,2026-05-02 20:59:07.971412
6ddea361-8626-43c0-922b-9866beded82f,CMP_LIVE_HYDROGEN_INFRASTRUCTURE,li-ad-hydrogen_infrastructure-8,cookie_505,linkedin,1461.31,2026-09-07 10:22:43.971412
647e1025-344f-4ad1-878b-4c4e266b4a6b,CMP_PAST_ASSET_OPTIMIZATION,li-ad-asset_optimization-6,cookie_506,linkedin,250.81,2025-11-23 02:50:59.971412
12e9fc06-16fb-47e3-b6a1-6d9df25a270a,CMP_PAST_ASSET_OPTIMIZATION,li-ad-asset_optimization-3,cookie_506,linkedin,324.4,2025-07-19 02:00:16.971412
9ba64d76-eff5-43c7-ac68-cfc3f6ca9ec1,CMP_PAST_ASSET_OPTIMIZATION,li-ad-asset_optimization-7,cookie_506,linkedin,1042.15,2026-01-11 06:41:38.971412
8448ccd3-e819-4b55-97c0-b71635b2f579,CMP_PAST_ASSET_OPTIMIZATION,li-ad-asset_optimization-2,cookie_506,linkedin,883.1,2025-05-11 14:09:57.971412
3551c170-f2d7-4dab-9ef8-ba1b1e8070ad,CMP_PAST_ASSET_OPTIMIZATION,li-ad-asset_optimization-1,cookie_506,linkedin,671.01,2025-04-27 09:16:03.971412
4f3d7269-8eae-4f30-91fd-18060a913f35,CMP_LIVE_DECARBONIZATION_25_26,li-ad-live_decarbonization_25_26-3,cookie_509,linkedin,439.33,2026-07-12 05:33:03.971412
9be98a85-5e20-4f45-b9a3-ad49df7e2b88,CMP_LIVE_DECARBONIZATION_25_26,li-ad-live_decarbonization_25_26-1,cookie_509,linkedin,805.09,2026-03-12 01:16:32.971412
c546ec2a-0741-4b52-aad8-dbc3b0deb6e7,CMP_LIVE_DECARBONIZATION_25_26,li-ad-live_decarbonization_25_26-4,cookie_509,linkedin,956.99,2026-09-08 02:02:55.971412
ab5047ba-4c8b-43a7-be25-062570aaad9b,CMP_LIVE_DECARBONIZATION_25_26,li-ad-live_decarbonization_25_26-2,cookie_509,linkedin,806.15,2026-05-23 01:47:12.971412
016af0d5-3bd4-4d7e-8742-30594e5fafd9,CMP_LIVE_HYDROGEN_INFRASTRUCTURE,li-ad-hydrogen_infrastructure-8,cookie_511,linkedin,1260.37,2026-09-06 05:43:06.971412
171ccb2b-770b-4dbe-95d4-168ffea56ebc,CMP_LIVE_HYDROGEN_INFRASTRUCTURE,li-ad-hydrogen_infrastructure-6,cookie_511,linkedin,554.62,2026-06-18 13:12:42.971412
0a083de4-d391-4db7-9c0d-2bd551d0cc20,CMP_LIVE_HYDROGEN_INFRASTRUCTURE,li-ad-hydrogen_infrastructure-7,cookie_512,linkedin,496.3,2026-07-14 06:14:39.971412
1829e4c1-afe7-4320-8d16-46184fb1eb76,CMP_LIVE_DIGITAL_TWIN,li-ad-digital_twin-1,cookie_513,linkedin,530.31,2025-12-19 08:24:30.971412
50bc5357-9d8b-44fb-86b5-58feb9801c9b,CMP_PAST_SUSTAINABLE_ENGINEERING,li-ad-sustainable_engineering-6,cookie_516,linkedin,1000.98,2026-02-22 01:50:31.971412
422148f1-6f2b-40a3-90e6-395f531ab1b5,CMP_PAST_SUSTAINABLE_ENGINEERING,li-ad-sustainable_engineering-7,cookie_516,linkedin,1486.65,2026-05-18 05:02:13.971412
63ee0ca3-c044-4252-ad7c-99270fff8aea,CMP_PAST_SUSTAINABLE_ENGINEERING,li-ad-sustainable_engineering-2,cookie_516,linkedin,1083.39,2025-09-08 04:15:05.971412
92c59fe5-a34b-4f61-9542-fdcec23a2da8,CMP_PAST_SUSTAINABLE_ENGINEERING,li-ad-sustainable_engineering-4,cookie_516,linkedin,1428.43,2025-11-29 06:50:57.971412
67c13b0d-ae36-494c-9e4a-ff7a28dd8da3,CMP_PAST_SUSTAINABLE_ENGINEERING,li-ad-sustainable_engineering-3,cookie_516,linkedin,700.62,2025-10-26 06:21:20.971412
5603e8cf-a155-4914-88c2-fcf1b5c02d9c,CMP_LIVE_DECARBONIZATION_25_26,li-ad-live_decarbonization_25_26-3,cookie_517,linkedin,1421.06,2026-08-14 01:27:02.971412
75325639-abfa-4c55-9762-9020d1250d00,CMP_LIVE_DECARBONIZATION_25_26,li-ad-live_decarbonization_25_26-2,cookie_517,linkedin,1268.46,2026-05-26 01:44:14.971412
1601e64c-0101-4f84-9c67-291fa2d220a5,CMP_PAST_ASSET_OPTIMIZATION,li-ad-asset_optimization-5,cookie_519,linkedin,445.52,2025-10-10 08:30:21.971412
42c4048a-767f-4adf-884d-a1459d5d890b,CMP_LIVE_DECARBONIZATION_25_26,li-ad-live_decarbonization_25_26-2,cookie_521,linkedin,531.88,2026-06-08 21:22:24.971412
49be5a31-0b64-4473-acbb-0fbb544aa97b,CMP_LIVE_DECARBONIZATION_25_26,li-ad-live_decarbonization_25_26-4,cookie_521,linkedin,1323.79,2026-09-08 01:47:17.971412
3620017a-7409-4df7-9c79-a5e3e4b1ad70,CMP_LIVE_DECARBONIZATION_25_26,li-ad-live_decarbonization_25_26-3,cookie_525,linkedin,870.81,2026-07-13 22:24:45.971412
c962be66-c5aa-4533-9ed1-54381c0db4ce,CMP_PAST_ASSET_OPTIMIZATION,li-ad-asset_optimization-2,cookie_526,linkedin,1065.04,2025-05-10 02:06:47.971412
ed68c0c8-df8b-4ef2-bcc9-926b47abb754,CMP_LIVE_HYDROGEN_INFRASTRUCTURE,li-ad-hydrogen_infrastructure-5,cookie_527,linkedin,1003.27,2026-03-30 03:37:16.971412
5065e151-8a15-4d86-9b6d-c04e39772d34,CMP_LIVE_HYDROGEN_INFRASTRUCTURE,li-ad-hydrogen_infrastructure-8,cookie_529,linkedin,605.12,2026-09-06 21:24:08.971412
ccaf4054-ad10-415e-8838-9b4e8af630a5,CMP_PAST_ASSET_OPTIMIZATION,li-ad-asset_optimization-4,cookie_530,linkedin,560.02,2025-08-28 11:34:34.971412
cbf51da7-9d00-4433-9b6d-2117451ec35d,CMP_PAST_ASSET_OPTIMIZATION,li-ad-asset_optimization-3,cookie_530,linkedin,1427.62,2025-07-19 09:52:35.971412
07f6f863-4e9b-4e27-8c3a-32204fe2e31b,CMP_PAST_ASSET_OPTIMIZATION,li-ad-asset_optimization-7,cookie_530,linkedin,961.73,2026-01-11 02:01:14.971412
d54709e2-b02a-4934-8b12-37836ecb6254,CMP_PAST_ASSET_OPTIMIZATION,li-ad-asset_optimization-5,cookie_530,linkedin,606.36,2025-10-15 02:35:39.971412
9fa6cd4a-589f-4331-b3a3-ec63ce0128cf,CMP_PAST_SUSTAINABLE_ENGINEERING,li-ad-sustainable_engineering-1,cookie_531,linkedin,393.5,2025-06-24 02:09:36.971412
a89dab33-4e46-43a2-8628-c54c94915ce1,CMP_LIVE_HYDROGEN_INFRASTRUCTURE,li-ad-hydrogen_infrastructure-6,cookie_532,linkedin,993.63,2026-05-26 14:12:44.971412
54b625e1-cacf-4ea9-a9e0-1af97cc25958,CMP_PAST_SUSTAINABLE_ENGINEERING,li-ad-sustainable_engineering-2,cookie_534,linkedin,1067.27,2025-09-07 19:39:59.971412
ed1e1aee-55d6-449e-b617-2d78b6f88ad7,CMP_LIVE_DIGITAL_TWIN,li-ad-digital_twin-1,cookie_535,linkedin,485.4,2025-12-15 04:38:08.971412
402806a2-1dc1-41da-af31-d7ab507c0098,CMP_LIVE_HYDROGEN_INFRASTRUCTURE,li-ad-hydrogen_infrastructure-3,cookie_539,linkedin,1351.35,2025-12-30 09:42:39.971412
a4d8b675-7763-437d-9cf4-f0ca26303c64,CMP_LIVE_HYDROGEN_INFRASTRUCTURE,li-ad-hydrogen_infrastructure-6,cookie_539,linkedin,1397.77,2026-05-24 10:06:31.971412
a69cdc26-d69c-401e-b5c5-947455c6c9dd,CMP_LIVE_HYDROGEN_INFRASTRUCTURE,li-ad-hydrogen_infrastructure-5,cookie_539,linkedin,295.07,2026-03-30 09:34:05.971412
7a7b57ab-ec2a-40a4-a5ed-5047f3dbdbb6,CMP_LIVE_HYDROGEN_INFRASTRUCTURE,li-ad-hydrogen_infrastructure-1,cookie_539,linkedin,465.83,2025-09-23 18:06:00.971412
c2c49cab-6e0d-4247-a875-4e064a782d92,CMP_PAST_ASSET_OPTIMIZATION,li-ad-asset_optimization-4,cookie_540,linkedin,490.45,2025-09-12 13:32:47.971412
7a6a53d0-6835-4216-91ed-8e8720fd9fd9,CMP_LIVE_HYDROGEN_INFRASTRUCTURE,li-ad-hydrogen_infrastructure-3,cookie_541,linkedin,396.28,2026-01-04 14:54:45.971412
cef8abd3-2f5d-428d-96a6-e267bed4d96e,CMP_LIVE_DIGITAL_TWIN,li-ad-digital_twin-1,cookie_542,linkedin,466.12,2026-01-18 16:33:10.971412
73201246-1668-4f0f-9cc5-312cfcef0776,CMP_LIVE_DECARBONIZATION_25_26,li-ad-live_decarbonization_25_26-1,cookie_545,linkedin,941.44,2026-04-14 12:19:10.971412
505bcabd-9aa2-4c9c-84d5-385744c9ddaa,CMP_LIVE_HYDROGEN_INFRASTRUCTURE,li-ad-hydrogen_infrastructure-8,cookie_549,linkedin,1160.4,2026-09-06 15:57:41.971412
220be71c-e17c-4a0b-ae37-b069151413da,CMP_LIVE_DIGITAL_TWIN,li-ad-digital_twin-1,cookie_552,linkedin,878.96,2025-12-15 02:24:52.971412
5496e582-70c0-4d3b-b66b-a44d489a4d86,CMP_LIVE_DIGITAL_TWIN,li-ad-digital_twin-4,cookie_552,linkedin,344.08,2026-05-18 07:01:25.971412
7d41c205-2458-4d7c-b798-04e3e303ec40,CMP_PAST_SUSTAINABLE_ENGINEERING,li-ad-sustainable_engineering-7,cookie_554,linkedin,265.91,2026-04-09 22:08:59.971412
d94c4786-0b1d-4e2c-a91d-0ec71d348045,CMP_LIVE_DIGITAL_TWIN,li-ad-digital_twin-4,cookie_558,linkedin,1223.5,2026-05-17 05:11:03.971412
b5951c77-eaed-44a8-a866-7402af36e09e,CMP_PAST_SUSTAINABLE_ENGINEERING,li-ad-sustainable_engineering-6,cookie_562,linkedin,990.42,2026-02-22 01:57:05.971412
7e99de7d-fefb-4b19-8381-b9449b59f41a,CMP_PAST_SUSTAINABLE_ENGINEERING,li-ad-sustainable_engineering-5,cookie_562,linkedin,1394.88,2026-01-12 14:26:23.971412
1da01af7-76f2-45de-8154-39dd44f9b4c3,CMP_LIVE_DIGITAL_TWIN,li-ad-digital_twin-1,cookie_564,linkedin,1086.17,2025-12-28 19:04:57.971412
589140a7-02de-4a42-96c3-45a0f88cdeb4,CMP_LIVE_HYDROGEN_INFRASTRUCTURE,li-ad-hydrogen_infrastructure-7,cookie_567,linkedin,1041.09,2026-07-14 01:51:31.971412
2329c956-e38e-4676-96a1-9b32e98c4e8b,CMP_LIVE_DECARBONIZATION_25_26,li-ad-live_decarbonization_25_26-3,cookie_568,linkedin,505.92,2026-07-19 08:56:55.971412
0d9a526d-b65c-4359-9425-3f29a0614603,CMP_LIVE_DIGITAL_TWIN,li-ad-digital_twin-1,cookie_569,linkedin,858.26,2025-12-13 07:02:14.971412
4566054c-9ad6-42b1-9eb3-4e2827629a3c,CMP_PAST_ASSET_OPTIMIZATION,li-ad-asset_optimization-6,cookie_570,linkedin,1033.37,2025-12-17 17:17:22.971412
a58c77b8-9aac-462a-a8d5-e6ca1631a23f,CMP_PAST_ASSET_OPTIMIZATION,li-ad-asset_optimization-5,cookie_570,linkedin,1206.58,2025-10-13 02:21:48.971412
bd4a7ac0-4ed8-4a24-889b-99146d0f96a2,CMP_PAST_ASSET_OPTIMIZATION,li-ad-asset_optimization-3,cookie_570,linkedin,1133.64,2025-06-23 01:57:21.971412
0ed098ed-7ce9-4c35-9f72-6a4358b1482a,CMP_PAST_ASSET_OPTIMIZATION,li-ad-asset_optimization-7,cookie_570,linkedin,837.37,2026-01-11 03:42:52.971412
efea104e-0bda-4498-90fb-5c68bd626b3a,CMP_PAST_SUSTAINABLE_ENGINEERING,li-ad-sustainable_engineering-3,cookie_571,linkedin,1282.38,2025-09-20 03:17:06.971412
a8886367-1bed-4139-99e5-496c21dec6ed,CMP_PAST_SUSTAINABLE_ENGINEERING,li-ad-sustainable_engineering-2,cookie_572,linkedin,1014.02,2025-09-08 21:01:19.971412
1610e76d-66c4-4046-a4aa-473e7644c5e7,CMP_LIVE_DIGITAL_TWIN,li-ad-digital_twin-2,cookie_573,linkedin,1054.06,2026-03-05 11:58:15.971412
a1d99fb4-e880-4ac3-9856-952eb100ad32,CMP_LIVE_DIGITAL_TWIN,li-ad-digital_twin-3,cookie_573,linkedin,929.98,2026-04-09 08:41:48.971412
7edf6258-9dea-43e5-ad6c-5db8a7f06b49,CMP_PAST_SUSTAINABLE_ENGINEERING,li-ad-sustainable_engineering-6,cookie_575,linkedin,979.18,2026-03-06 21:12:11.971412
be77bcd0-1469-4956-8224-8555636e730b,CMP_LIVE_HYDROGEN_INFRASTRUCTURE,li-ad-hydrogen_infrastructure-7,cookie_577,linkedin,829.51,2026-07-14 02:04:00.971412
f14d319c-00bd-438a-9251-027590f6ac2e,CMP_LIVE_HYDROGEN_INFRASTRUCTURE,li-ad-hydrogen_infrastructure-1,cookie_577,linkedin,586.54,2025-09-23 21:23:40.971412
96a202ef-b87d-406a-a1ae-387e92891dc8,CMP_PAST_SUSTAINABLE_ENGINEERING,li-ad-sustainable_engineering-5,cookie_578,linkedin,530.0,2026-01-09 02:27:17.971412
d69f8f2f-53a9-479a-b029-85ad02c99b1f,CMP_PAST_SUSTAINABLE_ENGINEERING,li-ad-sustainable_engineering-4,cookie_578,linkedin,789.62,2025-11-17 12:54:32.971412
7312185f-3cde-4095-80eb-e520c16b4642,CMP_PAST_SUSTAINABLE_ENGINEERING,li-ad-sustainable_engineering-2,cookie_578,linkedin,864.58,2025-08-24 19:46:38.971412
be4a127d-de56-482d-bdc3-4a5764d17f99,CMP_PAST_SUSTAINABLE_ENGINEERING,li-ad-sustainable_engineering-3,cookie_578,linkedin,699.1,2025-10-15 09:49:57.971412
d8593de7-6c51-4c9d-a518-3e4eae406ef3,CMP_LIVE_DECARBONIZATION_25_26,li-ad-live_decarbonization_25_26-4,cookie_579,linkedin,389.04,2026-09-08 01:51:55.971412
3d04f763-043d-42e2-8add-a1f46a410685,CMP_LIVE_DECARBONIZATION_25_26,li-ad-live_decarbonization_25_26-2,cookie_579,linkedin,313.33,2026-05-23 05:40:27.971412
3091e146-3880-46bb-bd05-ecf2f3316d9e,CMP_LIVE_DECARBONIZATION_25_26,li-ad-live_decarbonization_25_26-3,cookie_579,linkedin,561.3,2026-07-21 22:35:52.971412
65986fc2-2056-45ca-af2b-69a21be20fe7,CMP_LIVE_DECARBONIZATION_25_26,li-ad-live_decarbonization_25_26-2,cookie_582,linkedin,1065.77,2026-06-24 09:40:54.971412
1b17d9b8-9fd0-430e-88ab-d49a7c1e0ea8,CMP_LIVE_DECARBONIZATION_25_26,li-ad-live_decarbonization_25_26-1,cookie_582,linkedin,683.31,2026-03-11 01:47:17.971412
26dc4c6b-572c-4cba-abd9-dfe82f9f9d2d,CMP_LIVE_DECARBONIZATION_25_26,li-ad-live_decarbonization_25_26-4,cookie_582,linkedin,655.95,2026-09-08 01:53:59.971412
04154bf3-259b-4aea-b132-2f517a141d9c,CMP_LIVE_DECARBONIZATION_25_26,li-ad-live_decarbonization_25_26-3,cookie_582,linkedin,1457.99,2026-07-13 00:58:54.971412
346ba7be-3e8e-4682-b487-62d7b513eaed,CMP_LIVE_DIGITAL_TWIN,li-ad-digital_twin-5,cookie_585,linkedin,1155.02,2026-07-27 02:14:08.971412
e6b5712e-7462-4638-9eee-f81aa410dd38,CMP_LIVE_HYDROGEN_INFRASTRUCTURE,li-ad-hydrogen_infrastructure-1,cookie_588,linkedin,1064.16,2025-09-21 01:47:12.971412
e01d8ef2-7b9c-445c-a42e-73e6242bbfc7,CMP_LIVE_HYDROGEN_INFRASTRUCTURE,li-ad-hydrogen_infrastructure-3,cookie_588,linkedin,401.93,2026-02-07 22:59:56.971412
cc5bcf56-cb1d-40d3-a5a5-cb24a00dd608,CMP_LIVE_HYDROGEN_INFRASTRUCTURE,li-ad-hydrogen_infrastructure-4,cookie_588,linkedin,318.65,2026-02-10 01:51:20.971412
10540029-63de-421e-b338-bff87abebd4f,CMP_LIVE_HYDROGEN_INFRASTRUCTURE,li-ad-hydrogen_infrastructure-8,cookie_588,linkedin,1365.99,2026-09-06 18:23:06.971412
0ec782ec-0cde-4d7b-a715-6dc0a34e8cbf,CMP_LIVE_HYDROGEN_INFRASTRUCTURE,li-ad-hydrogen_infrastructure-7,cookie_588,linkedin,705.91,2026-07-16 09:21:24.971412
cdd710f8-63e3-445d-b5d2-7e7374100910,CMP_LIVE_DECARBONIZATION_25_26,li-ad-live_decarbonization_25_26-4,cookie_589,linkedin,895.24,2026-09-08 01:48:55.971412
9be54d9e-ed9f-41b3-b8bf-f1d228b854ea,CMP_LIVE_DIGITAL_TWIN,li-ad-digital_twin-4,cookie_590,linkedin,542.19,2026-05-22 13:49:51.971412
a27b9a76-8865-417c-b76f-97b5505e11d5,CMP_LIVE_DIGITAL_TWIN,li-ad-digital_twin-2,cookie_590,linkedin,908.71,2026-03-04 13:14:29.971412
bdb3ebc1-2f88-4eeb-b77d-d5af0bee0191,CMP_PAST_ASSET_OPTIMIZATION,li-ad-asset_optimization-3,cookie_591,linkedin,585.26,2025-06-23 01:58:09.971412
125fc558-1fea-4cca-8847-dcec18d213e9,CMP_PAST_SUSTAINABLE_ENGINEERING,li-ad-sustainable_engineering-2,cookie_592,linkedin,585.8,2025-08-20 14:49:15.971412
4d3d64f2-65d0-4510-9a5a-4fafce1aab0b,CMP_PAST_SUSTAINABLE_ENGINEERING,li-ad-sustainable_engineering-1,cookie_592,linkedin,1257.78,2025-07-26 12:51:26.971412
ef94fcba-7550-46a9-9180-9e5f0403a5b5,CMP_PAST_SUSTAINABLE_ENGINEERING,li-ad-sustainable_engineering-3,cookie_592,linkedin,614.01,2025-10-25 09:53:39.971412
2aaf9e1d-f6e5-4a81-bdec-4750e77fa973,CMP_LIVE_DECARBONIZATION_25_26,li-ad-live_decarbonization_25_26-2,cookie_594,linkedin,457.38,2026-05-28 17:10:01.971412
71a6fdf9-1056-4bda-8f75-ce15d150f111,CMP_PAST_SUSTAINABLE_ENGINEERING,li-ad-sustainable_engineering-2,cookie_595,linkedin,604.6,2025-09-23 04:20:36.971412
