event_id,email,campaign_id,action,url_clicked,timestamp
e71b619c-0429-4a35-94ac-447a076cee8e,danielle.johnson@shell.com,CMP_LIVE_OTC_2026,Open,https://example.com?utm_source=mailchimp&utm_campaign=CMP_LIVE_OTC_2026,2026-08-20 17:04:18.896315
569c1788-6e6f-49a1-aeff-8e25ea6509da,joshua.walker@shell.com,CMP_LIVE_GASTECH_2026,Open,,2026-09-02 23:04:20.896315
618248a4-6606-4d4e-a96e-4f1cad03878f,jill.rhodes@shell.com,CMP_LIVE_GASTECH_2026,Open,https://example.com?utm_source=mailchimp&utm_campaign=CMP_LIVE_GASTECH_2026,2026-08-13 14:04:18.896315
6564ae7b-0477-4ec9-b14f-5e3d47b1bdc5,jeffery.wagner@shell.com,CMP_LIVE_GASTECH_2026,Open,https://example.com?utm_source=mailchimp&utm_campaign=CMP_LIVE_GASTECH_2026,2026-08-11 13:04:18.896315
e458cfdf-a569-43c0-8a4c-c8f7d1db25c4,jeffery.wagner@shell.com,CMP_PAST_MIDDLE_EAST,Open,https://example.com?utm_source=mailchimp&utm_campaign=CMP_PAST_MIDDLE_EAST,2025-06-28 01:04:18.896315
2492f053-17da-4a96-b8f2-894f5efb8e14,anthony.gonzalez@shell.com,CMP_LIVE_OTC_2026,Open,https://example.com?utm_source=mailchimp&utm_campaign=CMP_LIVE_OTC_2026,2026-08-17 23:04:18.896315
8ab9dacc-2503-4958-a389-355bc1eba3be,anthony.gonzalez@shell.com,CMP_PAST_OIL_GAS_US,Open,https://example.com?utm_source=mailchimp&utm_campaign=CMP_PAST_OIL_GAS_US,2026-02-01 22:04:18.896315
133c321d-edbe-403d-b91c-7cc6f564a607,debra.gardner@shell.com,CMP_PAST_MIDDLE_EAST,Open,https://example.com?utm_source=mailchimp&utm_campaign=CMP_PAST_MIDDLE_EAST,2025-06-21 07:04:18.896315
35e9fb8f-43a2-4429-8313-c9215973a607,linda.wolfe@shell.com,CMP_LIVE_GASTECH_2026,Open,https://example.com?utm_source=mailchimp&utm_campaign=CMP_LIVE_GASTECH_2026,2026-08-28 11:04:18.896315
68c87cbd-f871-4940-8112-02b30033210c,linda.wolfe@shell.com,CMP_LIVE_OTC_2026,Open,https://example.com?utm_source=mailchimp&utm_campaign=CMP_LIVE_OTC_2026,2026-07-22 01:04:18.896315
8caf0d91-831d-4a25-8c51-cf39870426e9,susan.rogers@shell.com,CMP_PAST_O_M_2026,Open,https://example.com?utm_source=mailchimp&utm_campaign=CMP_PAST_O_M_2026,2024-07-18 19:04:18.896315
b0c7e589-1557-4d9a-a424-56df165e0e71,christopher.davis@shell.com,CMP_PAST_OIL_GAS_US,Open,https://example.com?utm_source=mailchimp&utm_campaign=CMP_PAST_OIL_GAS_US,2026-02-18 02:04:18.896315
b3e96807-60a6-489d-bbd7-a1c9c1094121,melanie.munoz@shell.com,CMP_LIVE_GASTECH_2026,Open,https://example.com?utm_source=mailchimp&utm_campaign=CMP_LIVE_GASTECH_2026,2026-08-21 10:04:18.896315
65a051f2-1d5b-4c32-8d65-495cc3daaf2d,lindsay.blair@shell.com,CMP_PAST_MIDDLE_EAST,Open,https://example.com?utm_source=mailchimp&utm_campaign=CMP_PAST_MIDDLE_EAST,2025-07-30 18:04:18.896315
ed0a42d6-e85b-48ea-9f7a-22bdddcb6156,amanda.dudley@shell.com,CMP_LIVE_OTC_2026,Open,https://example.com?utm_source=mailchimp&utm_campaign=CMP_LIVE_OTC_2026,2026-07-27 04:04:18.896315
026ff6df-9b10-4394-8a0a-b3811b047c0b,jeremy.roberts@shell.com,CMP_LIVE_GASTECH_2026,Open,https://example.com?utm_source=mailchimp&utm_campaign=CMP_LIVE_GASTECH_2026,2026-08-09 06:04:18.896315
70893196-2c26-436b-accb-26a40da9e9c2,christopher.hall@shell.com,CMP_LIVE_GASTECH_2026,Open,https://example.com?utm_source=mailchimp&utm_campaign=CMP_LIVE_GASTECH_2026,2026-08-08 16:04:18.896315
756b1058-1b16-48a0-b57d-ff28baf362e6,christopher.hall@shell.com,CMP_PAST_OIL_GAS_US,Open,https://example.com?utm_source=mailchimp&utm_campaign=CMP_PAST_OIL_GAS_US,2026-01-24 10:04:18.896315
6678a7c7-1fd0-4cc4-8d6b-875be48e1b29,christopher.hall@shell.com,CMP_PAST_O_M_2026,Open,https://example.com?utm_source=mailchimp&utm_campaign=CMP_PAST_O_M_2026,2024-07-11 21:04:18.896315
a3052a7b-b02a-4007-a188-386e5a6a8b29,mitchell.clark@shell.com,CMP_LIVE_GASTECH_2026,Open,https://example.com?utm_source=mailchimp&utm_campaign=CMP_LIVE_GASTECH_2026,2026-08-09 20:04:18.896315
30829bbc-8bc9-4deb-87a2-9af4ade49cb6,mitchell.clark@shell.com,CMP_PAST_MIDDLE_EAST,Open,https://example.com?utm_source=mailchimp&utm_campaign=CMP_PAST_MIDDLE_EAST,2025-09-19 02:04:18.896315
34996a24-6ac4-41e5-876b-26d3cf04b1f7,george.daniel@shell.com,CMP_LIVE_GASTECH_2026,Open,https://example.com?utm_source=mailchimp&utm_campaign=CMP_LIVE_GASTECH_2026,2026-09-02 23:04:18.896315
6c06469d-43c2-4d95-9690-237366e5f771,frank.gray@shell.com,CMP_LIVE_GASTECH_2026,Open,https://example.com?utm_source=mailchimp&utm_campaign=CMP_LIVE_GASTECH_2026,2026-08-30 03:04:18.896315
d7c64eff-8e67-4a30-b70b-d51eded58ff5,megan.parsons@shell.com,CMP_PAST_OIL_GAS_US,Open,,2026-02-17 17:04:20.896315
911e1615-eb9e-4e24-9221-d808c410f721,leslie.adams@shell.com,CMP_LIVE_OTC_2026,Open,https://example.com?utm_source=mailchimp&utm_campaign=CMP_LIVE_OTC_2026,2026-07-11 06:04:18.896315
70d98b2d-57df-49a9-97b0-d1eb55ab5d76,diana.foster@shell.com,CMP_LIVE_GASTECH_2026,Open,https://example.com?utm_source=mailchimp&utm_campaign=CMP_LIVE_GASTECH_2026,2026-09-06 15:04:18.896315
71fc87bd-da4f-44da-b1a7-1658d9c2b1f1,joseph.wright@shell.com,CMP_PAST_MIDDLE_EAST,Open,https://example.com?utm_source=mailchimp&utm_campaign=CMP_PAST_MIDDLE_EAST,2025-11-05 23:04:18.896315
88f7e073-3682-4621-84b7-ff4b9aea58a5,laura.henderson@shell.com,CMP_LIVE_OTC_2026,Open,https://example.com?utm_source=mailchimp&utm_campaign=CMP_LIVE_OTC_2026,2026-09-02 02:04:18.896315
9e52d859-a9eb-4744-b2f3-0b6d43f3ee80,laura.henderson@shell.com,CMP_PAST_OIL_GAS_US,Open,https://example.com?utm_source=mailchimp&utm_campaign=CMP_PAST_OIL_GAS_US,2025-11-23 22:04:18.896315
6d59cc78-7a67-4afd-af40-04abb8bbb622,laura.henderson@shell.com,CMP_PAST_MIDDLE_EAST,Open,https://example.com?utm_source=mailchimp&utm_campaign=CMP_PAST_MIDDLE_EAST,2025-05-15 18:04:18.896315
497a8a3b-6e43-4f65-b2c1-cd93fe2c1647,bryan.james@shell.com,CMP_LIVE_GASTECH_2026,Open,https://example.com?utm_source=mailchimp&utm_campaign=CMP_LIVE_GASTECH_2026,2026-08-24 23:04:18.896315
17983294-b611-471a-9504-a44dff30fec8,tasha.valencia@shell.com,CMP_PAST_OIL_GAS_US,Open,,2025-12-31 09:04:20.896315
0cbe7fc9-5aa6-4e90-91f1-4f4dda701f51,erin.herrera@aramco.com,CMP_LIVE_GASTECH_2026,Open,https://example.com?utm_source=mailchimp&utm_campaign=CMP_LIVE_GASTECH_2026,2026-08-11 11:04:18.896315
d83d01e8-3d11-4c05-9ad7-2e9aea78fa76,joseph.davidson@aramco.com,CMP_PAST_O_M_2026,Open,https://example.com?utm_source=mailchimp&utm_campaign=CMP_PAST_O_M_2026,2025-02-06 17:04:18.896315
4afc8dca-8398-4bdc-bebe-634fc37a4882,nancy.baker@aramco.com,CMP_LIVE_GASTECH_2026,Open,https://example.com?utm_source=mailchimp&utm_campaign=CMP_LIVE_GASTECH_2026,2026-08-15 18:04:18.896315
cb9167ee-8912-4b24-b99d-b3d2adb4e4d9,kenneth.fowler@aramco.com,CMP_LIVE_GASTECH_2026,Open,https://example.com?utm_source=mailchimp&utm_campaign=CMP_LIVE_GASTECH_2026,2026-08-30 22:04:18.896315
265e6d42-30c5-4fae-81ea-430f4b771d15,chelsea.hernandez@aramco.com,CMP_LIVE_GASTECH_2026,Open,https://example.com?utm_source=mailchimp&utm_campaign=CMP_LIVE_GASTECH_2026,2026-08-22 14:04:18.896315
1134705d-7b32-45a2-9301-f04247b3b752,chelsea.hernandez@aramco.com,CMP_LIVE_OTC_2026,Open,https://example.com?utm_source=mailchimp&utm_campaign=CMP_LIVE_OTC_2026,2026-07-17 16:04:18.896315
82605b32-369f-442f-bf87-aa4f43ef42e2,kathryn.ryan@aramco.com,CMP_LIVE_GASTECH_2026,Open,https://example.com?utm_source=mailchimp&utm_campaign=CMP_LIVE_GASTECH_2026,2026-08-31 22:04:18.896315
6c80019e-a1b1-47ba-94a7-36543f3123d7,kathryn.ryan@aramco.com,CMP_PAST_O_M_2026,Open,https://example.com?utm_source=mailchimp&utm_campaign=CMP_PAST_O_M_2026,2024-09-30 02:04:18.896315
eabf3f34-ab79-4e77-a335-ee5ef9170878,kimberly.moreno@aramco.com,CMP_LIVE_OTC_2026,Open,https://example.com?utm_source=mailchimp&utm_campaign=CMP_LIVE_OTC_2026,2026-08-02 08:04:18.896315
569c074d-8a28-4827-9342-bc0b608048bc,aaron.nguyen@aramco.com,CMP_LIVE_GASTECH_2026,Open,https://example.com?utm_source=mailchimp&utm_campaign=CMP_LIVE_GASTECH_2026,2026-08-28 16:04:18.896315
5dfa0152-73fd-46f2-bb5e-bae7ced273cb,aaron.nguyen@aramco.com,CMP_PAST_OIL_GAS_US,Open,https://example.com?utm_source=mailchimp&utm_campaign=CMP_PAST_OIL_GAS_US,2026-02-22 18:04:18.896315
12d2e42d-3011-4f3a-a442-71ebe0d522f0,andrew.hickman@aramco.com,CMP_PAST_OIL_GAS_US,Open,https://example.com?utm_source=mailchimp&utm_campaign=CMP_PAST_OIL_GAS_US,2026-02-20 15:04:18.896315
eed7726f-3f41-4bda-8424-142177073b92,andrew.hickman@aramco.com,CMP_PAST_MIDDLE_EAST,Open,https://example.com?utm_source=mailchimp&utm_campaign=CMP_PAST_MIDDLE_EAST,2025-06-28 20:04:18.896315
d03b6604-0cc7-4204-8a9f-d8159ae6bc58,kyle.brown@aramco.com,CMP_LIVE_GASTECH_2026,Open,https://example.com?utm_source=mailchimp&utm_campaign=CMP_LIVE_GASTECH_2026,2026-08-10 09:04:18.896315
646a0cc4-0c7e-4075-be7d-12698c27fcb9,natalie.arroyo@aramco.com,CMP_LIVE_OTC_2026,Open,https://example.com?utm_source=mailchimp&utm_campaign=CMP_LIVE_OTC_2026,2026-07-31 11:04:18.896315
fbfced27-766a-4108-af09-39bfc0ba9402,christopher.tucker@aramco.com,CMP_PAST_OIL_GAS_US,Open,,2026-04-01 19:04:20.896315
d4c1828d-d4cc-466b-9eca-4671b01b0368,amber.blair@aramco.com,CMP_LIVE_GASTECH_2026,Open,https://example.com?utm_source=mailchimp&utm_campaign=CMP_LIVE_GASTECH_2026,2026-08-27 03:04:18.896315
51d7cc22-2c73-4bdd-985b-1fd26ecb51cd,james.collins@aramco.com,CMP_LIVE_GASTECH_2026,Open,https://example.com?utm_source=mailchimp&utm_campaign=CMP_LIVE_GASTECH_2026,2026-09-04 14:04:18.896315
ead72ce5-1690-4e9d-ab30-e3fb27452794,james.collins@aramco.com,CMP_PAST_MIDDLE_EAST,Open,https://example.com?utm_source=mailchimp&utm_campaign=CMP_PAST_MIDDLE_EAST,2025-07-16 11:04:18.896315
0c9ed08e-3a75-41da-a303-c299b60d6e0b,samuel.holmes@aramco.com,CMP_PAST_OIL_GAS_US,Open,https://example.com?utm_source=mailchimp&utm_campaign=CMP_PAST_OIL_GAS_US,2025-12-27 22:04:18.896315
6001065b-614d-4ded-af13-67938c8cdb5d,matthew.chapman@aramco.com,CMP_LIVE_OTC_2026,Open,https://example.com?utm_source=mailchimp&utm_campaign=CMP_LIVE_OTC_2026,2026-07-18 11:04:18.896315
b5e50d99-7b5e-4dca-8b27-388d345a6911,chad.welch@equinor.com,CMP_PAST_MIDDLE_EAST,Open,,2025-05-09 11:04:20.896315
70243232-1d0e-45dd-8f24-487780be9714,michele.jones@equinor.com,CMP_LIVE_GASTECH_2026,Open,,2026-09-04 10:04:20.896315
10622964-d905-4e7f-95c4-c6dcbcccde7a,jason.anderson@equinor.com,CMP_PAST_MIDDLE_EAST,Open,https://example.com?utm_source=mailchimp&utm_campaign=CMP_PAST_MIDDLE_EAST,2025-10-17 10:04:18.896315
d893569d-d11c-482e-95b0-dedcebc4a769,selena.duncan@equinor.com,CMP_LIVE_GASTECH_2026,Open,https://example.com?utm_source=mailchimp&utm_campaign=CMP_LIVE_GASTECH_2026,2026-08-27 23:04:18.896315
962d5fbc-5558-44c5-a90c-f56953f59a13,thomas.mueller@equinor.com,CMP_LIVE_GASTECH_2026,Open,https://example.com?utm_source=mailchimp&utm_campaign=CMP_LIVE_GASTECH_2026,2026-08-19 20:04:18.896315
d9001599-48a5-4a9b-bbf4-b3a898e756eb,lindsey.lee@equinor.com,CMP_LIVE_OTC_2026,Open,https://example.com?utm_source=mailchimp&utm_campaign=CMP_LIVE_OTC_2026,2026-08-15 06:04:18.896315
27331a1f-0f64-4c2b-b0c2-4215e620edb3,collin.jordan@equinor.com,CMP_LIVE_GASTECH_2026,Open,https://example.com?utm_source=mailchimp&utm_campaign=CMP_LIVE_GASTECH_2026,2026-08-25 09:04:18.896315
9aaf06bd-aa16-4ada-a9c4-4d0b0419c656,collin.jordan@equinor.com,CMP_LIVE_OTC_2026,Open,https://example.com?utm_source=mailchimp&utm_campaign=CMP_LIVE_OTC_2026,2026-08-15 06:04:18.896315
75df392b-236a-4174-9000-95fb51916a03,collin.jordan@equinor.com,CMP_PAST_MIDDLE_EAST,Open,,2025-08-15 16:04:20.896315
9d28e851-1363-4849-bd12-e13eaf7c5d6c,rodney.owens@equinor.com,CMP_PAST_MIDDLE_EAST,Open,https://example.com?utm_source=mailchimp&utm_campaign=CMP_PAST_MIDDLE_EAST,2025-09-16 04:04:18.896315
df536d04-7f83-48ef-8bf6-c260fb464e6b,jessica.nunez@equinor.com,CMP_PAST_MIDDLE_EAST,Open,,2025-06-05 04:04:20.896315
f472cfda-5994-4d1a-b3b0-70e4b88212a1,tracey.garcia@equinor.com,CMP_LIVE_GASTECH_2026,Open,https://example.com?utm_source=mailchimp&utm_campaign=CMP_LIVE_GASTECH_2026,2026-08-24 19:04:18.896315
514b8ef4-0c4b-4401-ad60-a727972958d1,robert.ramirez@equinor.com,CMP_LIVE_OTC_2026,Open,,2026-09-01 09:04:20.896315
61d385de-95b6-4439-a4d8-eaecbe0f61da,robert.ramirez@equinor.com,CMP_PAST_MIDDLE_EAST,Open,https://example.com?utm_source=mailchimp&utm_campaign=CMP_PAST_MIDDLE_EAST,2025-07-16 02:04:18.896315
61ed6302-437f-41fa-bf40-49684c13ca2c,john.leblanc@equinor.com,CMP_LIVE_OTC_2026,Open,https://example.com?utm_source=mailchimp&utm_campaign=CMP_LIVE_OTC_2026,2026-08-22 07:04:18.896315
aa652bbb-81bf-46aa-a806-3e0f81c0e6b4,andrea.williams@equinor.com,CMP_LIVE_GASTECH_2026,Open,https://example.com?utm_source=mailchimp&utm_campaign=CMP_LIVE_GASTECH_2026,2026-08-15 13:04:18.896315
303c7518-15eb-4db9-8eb9-6a969b2bbea9,andrea.williams@equinor.com,CMP_PAST_O_M_2026,Open,https://example.com?utm_source=mailchimp&utm_campaign=CMP_PAST_O_M_2026,2025-02-22 10:04:18.896315
12ed35ec-eea8-4f16-8cc8-cf8847f9f0a3,tanya.house@equinor.com,CMP_PAST_OIL_GAS_US,Open,https://example.com?utm_source=mailchimp&utm_campaign=CMP_PAST_OIL_GAS_US,2026-09-05 07:04:18.896315
e9cd106c-f72d-4c75-a957-b8a6588ef0e7,tanya.house@equinor.com,CMP_PAST_MIDDLE_EAST,Open,,2025-11-09 20:04:20.896315
d92f5829-358e-4147-b150-67aa08988741,todd.lewis@equinor.com,CMP_LIVE_GASTECH_2026,Open,https://example.com?utm_source=mailchimp&utm_campaign=CMP_LIVE_GASTECH_2026,2026-08-08 10:04:18.896315
5bd9374f-2a7a-4f0c-816d-69e789718aa9,todd.lewis@equinor.com,CMP_LIVE_OTC_2026,Open,https://example.com?utm_source=mailchimp&utm_campaign=CMP_LIVE_OTC_2026,2026-07-30 20:04:18.896315
7cb74d9b-dc13-4c91-bbc9-97a179f79d5c,todd.lewis@equinor.com,CMP_PAST_OIL_GAS_US,Open,https://example.com?utm_source=mailchimp&utm_campaign=CMP_PAST_OIL_GAS_US,2025-11-21 02:04:18.896315
adf97a3e-753b-4de2-8e3a-626408f592fd,richard.brown@equinor.com,CMP_LIVE_GASTECH_2026,Open,https://example.com?utm_source=mailchimp&utm_campaign=CMP_LIVE_GASTECH_2026,2026-08-18 11:04:18.896315
7a8e2f9e-e3a5-41c5-b01c-65056743e142,joseph.bowers@equinor.com,CMP_LIVE_GASTECH_2026,Open,https://example.com?utm_source=mailchimp&utm_campaign=CMP_LIVE_GASTECH_2026,2026-08-27 03:04:18.896315
0b24ed23-1cc2-49c6-8371-6854e217d294,spencer.henderson@equinor.com,CMP_LIVE_GASTECH_2026,Open,https://example.com?utm_source=mailchimp&utm_campaign=CMP_LIVE_GASTECH_2026,2026-09-02 07:04:18.896315
699f2cdb-197b-4a5b-9b8e-0a330ece3ba8,susan.cowan@equinor.com,CMP_PAST_O_M_2026,Open,https://example.com?utm_source=mailchimp&utm_campaign=CMP_PAST_O_M_2026,2024-11-17 13:04:18.896315
b06d166c-b574-45df-9427-dc6681d72e3a,eric.phillips@equinor.com,CMP_PAST_O_M_2026,Open,https://example.com?utm_source=mailchimp&utm_campaign=CMP_PAST_O_M_2026,2024-12-11 00:04:18.896315
b53cd41f-e33c-4333-8be0-9f9c7076995f,tanya.riley@equinor.com,CMP_LIVE_OTC_2026,Open,,2026-08-26 13:04:20.896315
959ebf48-7faa-4b67-a445-c90084eef171,amy.adkins@equinor.com,CMP_PAST_O_M_2026,Open,,2025-02-12 05:04:20.896315
af1aad47-e4aa-4122-bc74-75975019bb11,brian.silva@equinor.com,CMP_LIVE_GASTECH_2026,Open,https://example.com?utm_source=mailchimp&utm_campaign=CMP_LIVE_GASTECH_2026,2026-08-31 08:04:18.896315
f202528f-901f-4767-8233-3ef80cfaacde,brian.silva@equinor.com,CMP_PAST_MIDDLE_EAST,Open,,2025-06-15 23:04:20.896315
599fbe4d-99df-479b-9a30-05125ca3bc6c,wesley.farrell@equinor.com,CMP_LIVE_GASTECH_2026,Open,https://example.com?utm_source=mailchimp&utm_campaign=CMP_LIVE_GASTECH_2026,2026-08-14 11:04:18.896315
57a0aa91-af0a-479f-b396-83d833399ff5,wesley.farrell@equinor.com,CMP_PAST_O_M_2026,Open,,2025-04-18 11:04:20.896315
7cfa97ac-3f5b-444c-a0c2-7a6adbe75802,christopher.lopez@equinor.com,CMP_LIVE_OTC_2026,Open,https://example.com?utm_source=mailchimp&utm_campaign=CMP_LIVE_OTC_2026,2026-07-14 21:04:18.896315
fde0ca1c-5955-46ed-ac1e-3b1a65221e9e,brooke.leonard@equinor.com,CMP_LIVE_GASTECH_2026,Open,https://example.com?utm_source=mailchimp&utm_campaign=CMP_LIVE_GASTECH_2026,2026-08-27 17:04:18.896315
310b2a9a-2dfa-4dda-aebf-3ff34a71c08e,brooke.leonard@equinor.com,CMP_LIVE_OTC_2026,Open,https://example.com?utm_source=mailchimp&utm_campaign=CMP_LIVE_OTC_2026,2026-08-05 04:04:18.896315
e0881332-e2f1-4cde-8c84-5e1e3bfe408e,alexandra.donovan@equinor.com,CMP_LIVE_GASTECH_2026,Open,https://example.com?utm_source=mailchimp&utm_campaign=CMP_LIVE_GASTECH_2026,2026-08-11 15:04:18.896315
a9f3a165-a8cb-4cd2-a432-9ac605a6be91,leslie.walton@bp.com,CMP_LIVE_OTC_2026,Open,https://example.com?utm_source=mailchimp&utm_campaign=CMP_LIVE_OTC_2026,2026-07-28 04:04:18.896315
c114a5bf-a2f2-4341-8d78-4b0809c70aef,leslie.walton@bp.com,CMP_PAST_OIL_GAS_US,Open,https://example.com?utm_source=mailchimp&utm_campaign=CMP_PAST_OIL_GAS_US,2026-01-02 15:04:18.896315
3beda053-1fff-4adb-88bc-59f52beb9f73,yolanda.ferrell@bp.com,CMP_LIVE_OTC_2026,Open,https://example.com?utm_source=mailchimp&utm_campaign=CMP_LIVE_OTC_2026,2026-07-23 22:04:18.896315
5a969f4a-667a-421d-b76f-22807f914df4,joseph.mahoney@bp.com,CMP_PAST_MIDDLE_EAST,Open,https://example.com?utm_source=mailchimp&utm_campaign=CMP_PAST_MIDDLE_EAST,2025-04-29 05:04:18.896315
5ba4c40d-ea5c-4bc8-8f31-f77718b59938,martha.warner@bp.com,CMP_PAST_O_M_2026,Open,https://example.com?utm_source=mailchimp&utm_campaign=CMP_PAST_O_M_2026,2025-02-21 15:04:18.896315
74d17688-0e15-4e20-b51c-0c9fcf688894,cheryl.archer@bp.com,CMP_LIVE_GASTECH_2026,Open,https://example.com?utm_source=mailchimp&utm_campaign=CMP_LIVE_GASTECH_2026,2026-08-23 08:04:18.896315
564ef489-c2eb-4340-b169-d6a115fb6f6a,dennis.wilson@bp.com,CMP_LIVE_OTC_2026,Open,https://example.com?utm_source=mailchimp&utm_campaign=CMP_LIVE_OTC_2026,2026-08-05 06:04:18.896315
4ce5d7ab-871e-4dac-a637-72a7e40704b1,dennis.wilson@bp.com,CMP_PAST_MIDDLE_EAST,Open,https://example.com?utm_source=mailchimp&utm_campaign=CMP_PAST_MIDDLE_EAST,2025-06-30 13:04:18.896315
0b024963-adad-491c-86fa-9e3d6bfb4099,daniel.tran@bp.com,CMP_LIVE_GASTECH_2026,Open,,2026-08-22 07:04:20.896315
fea5f8f8-ac5c-4a9d-9869-7fe31b972877,daniel.tran@bp.com,CMP_PAST_MIDDLE_EAST,Open,https://example.com?utm_source=mailchimp&utm_campaign=CMP_PAST_MIDDLE_EAST,2025-05-02 14:04:18.896315
424a291f-bce2-4b01-a036-a2e4ff64a47e,joseph.jacobs@bp.com,CMP_PAST_O_M_2026,Open,https://example.com?utm_source=mailchimp&utm_campaign=CMP_PAST_O_M_2026,2024-09-03 23:04:18.896315
d632e3cf-83d5-472d-b2a9-1dffe9a73596,jennifer.harris@bp.com,CMP_LIVE_GASTECH_2026,Open,https://example.com?utm_source=mailchimp&utm_campaign=CMP_LIVE_GASTECH_2026,2026-08-31 23:04:18.896315
66567507-8813-462e-adb3-973d6ee4ba5f,cynthia.baker@bp.com,CMP_LIVE_GASTECH_2026,Open,https://example.com?utm_source=mailchimp&utm_campaign=CMP_LIVE_GASTECH_2026,2026-08-23 12:04:18.896315
9af3ce90-12ee-41f6-ba6e-086dfd9d37ad,tracy.whitehead@bp.com,CMP_LIVE_GASTECH_2026,Open,https://example.com?utm_source=mailchimp&utm_campaign=CMP_LIVE_GASTECH_2026,2026-08-28 14:04:18.896315
9efcb863-5339-4624-bafc-9863694eb308,dana.green@bp.com,CMP_PAST_MIDDLE_EAST,Open,https://example.com?utm_source=mailchimp&utm_campaign=CMP_PAST_MIDDLE_EAST,2025-05-18 09:04:18.896315
43233bbd-c0af-4813-b818-43e8802f7b42,ronald.smith@bp.com,CMP_LIVE_GASTECH_2026,Open,https://example.com?utm_source=mailchimp&utm_campaign=CMP_LIVE_GASTECH_2026,2026-08-26 08:04:18.896315
5e3c30d0-b7ca-44ce-9bc4-5f9e2bcb7d2b,charles.ware@bp.com,CMP_LIVE_OTC_2026,Open,https://example.com?utm_source=mailchimp&utm_campaign=CMP_LIVE_OTC_2026,2026-07-12 22:04:18.896315
7988bc6a-8904-430b-bc6e-693267f49516,rebecca.gardner@bp.com,CMP_LIVE_GASTECH_2026,Open,https://example.com?utm_source=mailchimp&utm_campaign=CMP_LIVE_GASTECH_2026,2026-08-27 04:04:18.896315
c4a70984-d087-4646-a1fe-c310799a4f49,earl.anderson@bp.com,CMP_PAST_OIL_GAS_US,Open,https://example.com?utm_source=mailchimp&utm_campaign=CMP_PAST_OIL_GAS_US,2025-11-13 20:04:18.896315
443adf39-78e4-4ece-b4ce-73cf3e34f50c,kyle.nolan@bp.com,CMP_LIVE_GASTECH_2026,Open,,2026-08-10 06:04:20.896315
7411e837-8744-462b-b739-9f51327995e3,laura.valencia@bp.com,CMP_PAST_MIDDLE_EAST,Open,https://example.com?utm_source=mailchimp&utm_campaign=CMP_PAST_MIDDLE_EAST,2025-07-16 18:04:18.896315
a49822a2-f0e3-4a49-b184-87a40d7fe4cc,michelle.cherry@bp.com,CMP_PAST_OIL_GAS_US,Open,https://example.com?utm_source=mailchimp&utm_campaign=CMP_PAST_OIL_GAS_US,2026-09-01 05:04:18.896315
b1445b11-8535-4bf2-b326-8a18beba9def,lisa.keith@bp.com,CMP_LIVE_OTC_2026,Open,https://example.com?utm_source=mailchimp&utm_campaign=CMP_LIVE_OTC_2026,2026-08-14 20:04:18.896315
2deb2932-9916-4a5d-b3bf-871147d502a0,angel.doyle@bp.com,CMP_LIVE_GASTECH_2026,Open,https://example.com?utm_source=mailchimp&utm_campaign=CMP_LIVE_GASTECH_2026,2026-08-09 08:04:18.896315
c820f8f3-bb71-492a-b9c9-0dbf37c0fdd2,angel.doyle@bp.com,CMP_PAST_OIL_GAS_US,Open,https://example.com?utm_source=mailchimp&utm_campaign=CMP_PAST_OIL_GAS_US,2026-01-24 06:04:18.896315
bf26ced1-1d6c-46ea-8e5a-fea788161f1f,lisa.adams@bp.com,CMP_PAST_O_M_2026,Open,https://example.com?utm_source=mailchimp&utm_campaign=CMP_PAST_O_M_2026,2024-11-16 11:04:18.896315
43da5001-be70-4084-aa3b-26c7c42b8509,monica.garrison@bp.com,CMP_LIVE_OTC_2026,Open,https://example.com?utm_source=mailchimp&utm_campaign=CMP_LIVE_OTC_2026,2026-08-29 08:04:18.896315
49403de2-2dc5-457b-88a7-0215f5f9b133,monica.garrison@bp.com,CMP_PAST_OIL_GAS_US,Open,https://example.com?utm_source=mailchimp&utm_campaign=CMP_PAST_OIL_GAS_US,2025-11-27 12:04:18.896315
c286b90c-1238-4684-996e-907f2eeb79f1,jeffrey.velasquez@bp.com,CMP_PAST_O_M_2026,Open,https://example.com?utm_source=mailchimp&utm_campaign=CMP_PAST_O_M_2026,2024-07-14 15:04:18.896315
08c39728-7065-4ca9-8445-f6741d77c1f5,steven.torres@bp.com,CMP_LIVE_OTC_2026,Open,https://example.com?utm_source=mailchimp&utm_campaign=CMP_LIVE_OTC_2026,2026-08-19 02:04:18.896315
b1265b80-1e8f-4209-9e92-e003715437ed,andrew.lee@chevron.com,CMP_PAST_O_M_2026,Open,https://example.com?utm_source=mailchimp&utm_campaign=CMP_PAST_O_M_2026,2024-06-29 17:04:18.896315
b883dcd9-a422-47ae-96d4-154c4bd978e3,mark.lin@chevron.com,CMP_PAST_MIDDLE_EAST,Open,https://example.com?utm_source=mailchimp&utm_campaign=CMP_PAST_MIDDLE_EAST,2025-05-12 09:04:18.896315
7b43e7fa-7292-4a6c-a8a5-37474c178ac5,tina.herrera@chevron.com,CMP_PAST_OIL_GAS_US,Open,,2026-01-28 23:04:20.896315
65440a87-90b8-4bb5-b81a-79b7d3613cc9,sheila.wilson@chevron.com,CMP_LIVE_OTC_2026,Open,https://example.com?utm_source=mailchimp&utm_campaign=CMP_LIVE_OTC_2026,2026-08-30 14:04:18.896315
598e7eed-6bb3-49e8-b6ea-0797c0cedb43,jonathan.fletcher@chevron.com,CMP_LIVE_GASTECH_2026,Open,https://example.com?utm_source=mailchimp&utm_campaign=CMP_LIVE_GASTECH_2026,2026-08-08 06:04:18.896315
d00fd7af-f203-470b-a818-9babd5137d3b,jennifer.evans@chevron.com,CMP_PAST_OIL_GAS_US,Open,https://example.com?utm_source=mailchimp&utm_campaign=CMP_PAST_OIL_GAS_US,2025-12-14 13:04:18.896315
6a949cc5-7218-427a-ac34-2992cf9fecc3,jennifer.evans@chevron.com,CMP_PAST_MIDDLE_EAST,Open,,2025-05-10 21:04:20.896315
c915a206-69c6-4bf9-b829-625fefc4a0f1,russell.carpenter@chevron.com,CMP_LIVE_GASTECH_2026,Open,https://example.com?utm_source=mailchimp&utm_campaign=CMP_LIVE_GASTECH_2026,2026-08-30 16:04:18.896315
15a1deca-0638-443c-9c67-056aa1a7197c,russell.carpenter@chevron.com,CMP_PAST_O_M_2026,Open,https://example.com?utm_source=mailchimp&utm_campaign=CMP_PAST_O_M_2026,2025-01-18 23:04:18.896315
2d8c9029-2f24-403d-b9d5-696daeff03df,scott.lewis@chevron.com,CMP_LIVE_OTC_2026,Open,https://example.com?utm_source=mailchimp&utm_campaign=CMP_LIVE_OTC_2026,2026-07-11 00:04:18.896315
8ec993b6-4cea-4578-9c90-78a01c1aa79b,laura.jackson@chevron.com,CMP_LIVE_OTC_2026,Open,https://example.com?utm_source=mailchimp&utm_campaign=CMP_LIVE_OTC_2026,2026-08-24 13:04:18.896315
5fd8dbdf-10e1-4afe-9581-2c0b5ea2a812,laura.jackson@chevron.com,CMP_PAST_OIL_GAS_US,Open,https://example.com?utm_source=mailchimp&utm_campaign=CMP_PAST_OIL_GAS_US,2026-03-05 00:04:18.896315
0ba3b008-4167-447c-9a45-261f50a814a2,christopher.robertson@chevron.com,CMP_LIVE_GASTECH_2026,Open,https://example.com?utm_source=mailchimp&utm_campaign=CMP_LIVE_GASTECH_2026,2026-09-02 18:04:18.896315
b76d092f-054d-41fc-bbd8-bd7e6a9724ed,emily.walker@exxonmobil.com,CMP_LIVE_OTC_2026,Open,,2026-07-29 20:04:20.896315
6736305b-50d8-4345-b2a2-245379c501fa,james.johnson@exxonmobil.com,CMP_LIVE_GASTECH_2026,Open,,2026-08-25 11:04:20.896315
a461ff6f-870e-462d-afc2-df0aff928399,james.johnson@exxonmobil.com,CMP_PAST_OIL_GAS_US,Open,https://example.com?utm_source=mailchimp&utm_campaign=CMP_PAST_OIL_GAS_US,2025-12-21 19:04:18.896315
704c0944-d1b1-4c2b-8368-6e3d5f500cd7,robert.soto@exxonmobil.com,CMP_LIVE_OTC_2026,Open,https://example.com?utm_source=mailchimp&utm_campaign=CMP_LIVE_OTC_2026,2026-09-06 02:04:18.896315
cadcf064-a458-46e9-8fd1-5ea76b8285ec,diana.smith@exxonmobil.com,CMP_PAST_MIDDLE_EAST,Open,https://example.com?utm_source=mailchimp&utm_campaign=CMP_PAST_MIDDLE_EAST,2025-08-15 23:04:18.896315
240c9260-17ab-4445-a1f5-cee098804ae5,karen.carrillo@exxonmobil.com,CMP_LIVE_OTC_2026,Open,,2026-07-27 14:04:20.896315
800e0e64-015e-4c19-8f81-32d1ffed85ef,karen.carrillo@exxonmobil.com,CMP_PAST_OIL_GAS_US,Open,https://example.com?utm_source=mailchimp&utm_campaign=CMP_PAST_OIL_GAS_US,2026-01-04 11:04:18.896315
a2d4d506-48b7-4bb5-a5bd-4b1500af8374,daniel.coleman@exxonmobil.com,CMP_LIVE_OTC_2026,Open,https://example.com?utm_source=mailchimp&utm_campaign=CMP_LIVE_OTC_2026,2026-08-22 02:04:18.896315
2419cc3b-e427-4bb2-b18d-3803485fcf4c,john.charles@exxonmobil.com,CMP_LIVE_OTC_2026,Open,https://example.com?utm_source=mailchimp&utm_campaign=CMP_LIVE_OTC_2026,2026-08-20 15:04:18.896315
9dbc4b60-df1d-4f2d-9344-bf64b2d24713,john.charles@exxonmobil.com,CMP_PAST_OIL_GAS_US,Open,https://example.com?utm_source=mailchimp&utm_campaign=CMP_PAST_OIL_GAS_US,2026-01-30 11:04:18.896315
1a5f0aed-8098-449c-a90f-32006926dd7d,elizabeth.travis@exxonmobil.com,CMP_LIVE_GASTECH_2026,Open,https://example.com?utm_source=mailchimp&utm_campaign=CMP_LIVE_GASTECH_2026,2026-09-06 12:04:18.896315
1f32bcc0-fb5a-4948-9742-b278a1a1a29b,jennifer.wagner@exxonmobil.com,CMP_LIVE_OTC_2026,Open,https://example.com?utm_source=mailchimp&utm_campaign=CMP_LIVE_OTC_2026,2026-07-09 06:04:18.896315
444ff5c8-4130-4534-b5ca-daf2171f18c5,maria.kelley@exxonmobil.com,CMP_LIVE_GASTECH_2026,Open,https://example.com?utm_source=mailchimp&utm_campaign=CMP_LIVE_GASTECH_2026,2026-08-28 02:04:18.896315
a24a99de-8da1-47f9-91ea-1fe7d3fc310c,maria.kelley@exxonmobil.com,CMP_PAST_O_M_2026,Open,https://example.com?utm_source=mailchimp&utm_campaign=CMP_PAST_O_M_2026,2024-12-17 03:04:18.896315
57bd5101-2e6b-4de4-bec3-a7d5ce9cc8eb,john.walsh@exxonmobil.com,CMP_PAST_OIL_GAS_US,Open,https://example.com?utm_source=mailchimp&utm_campaign=CMP_PAST_OIL_GAS_US,2026-03-15 00:04:18.896315
ab43da94-9abe-476e-9a0f-48cc7bdafdd3,katie.boyd@exxonmobil.com,CMP_PAST_O_M_2026,Open,https://example.com?utm_source=mailchimp&utm_campaign=CMP_PAST_O_M_2026,2025-02-12 13:04:18.896315
c1e3ae6a-1185-41ad-becd-e4bb4b0ce1d8,chris.mitchell@exxonmobil.com,CMP_LIVE_GASTECH_2026,Open,https://example.com?utm_source=mailchimp&utm_campaign=CMP_LIVE_GASTECH_2026,2026-08-12 02:04:18.896315
6dedac6b-a0d3-4c8f-ad60-2984fea5d9a3,chris.mitchell@exxonmobil.com,CMP_PAST_O_M_2026,Open,https://example.com?utm_source=mailchimp&utm_campaign=CMP_PAST_O_M_2026,2026-09-03 08:04:18.896315
c8221b73-cd54-4bdf-8c58-d116196b3281,joseph.flores@exxonmobil.com,CMP_LIVE_OTC_2026,Open,https://example.com?utm_source=mailchimp&utm_campaign=CMP_LIVE_OTC_2026,2026-08-12 04:04:18.896315
3e572bc5-9f7e-4bbc-b7e9-57c2146558bb,amber.taylor@exxonmobil.com,CMP_LIVE_GASTECH_2026,Open,https://example.com?utm_source=mailchimp&utm_campaign=CMP_LIVE_GASTECH_2026,2026-08-15 18:04:18.896315
4d281e7d-68bc-4b79-a851-7a8720e536f3,jasmine.brown@exxonmobil.com,CMP_LIVE_OTC_2026,Open,https://example.com?utm_source=mailchimp&utm_campaign=CMP_LIVE_OTC_2026,2026-08-29 14:04:18.896315
90732ce6-c460-4bde-b2ae-405eb8748af8,rick.daniels@exxonmobil.com,CMP_PAST_MIDDLE_EAST,Open,https://example.com?utm_source=mailchimp&utm_campaign=CMP_PAST_MIDDLE_EAST,2025-08-30 20:04:18.896315
3c7ffb4d-3de8-43ab-9ca5-bde43b99c708,robert.stein@exxonmobil.com,CMP_PAST_OIL_GAS_US,Open,,2026-02-18 15:04:20.896315
b104bd02-8498-4f2c-9c80-bc79e596a416,brandy.dominguez@exxonmobil.com,CMP_LIVE_GASTECH_2026,Open,https://example.com?utm_source=mailchimp&utm_campaign=CMP_LIVE_GASTECH_2026,2026-08-19 21:04:18.896315
948eed3e-d115-4978-87e3-a666e1edf2c1,jeffrey.robinson@exxonmobil.com,CMP_LIVE_GASTECH_2026,Open,https://example.com?utm_source=mailchimp&utm_campaign=CMP_LIVE_GASTECH_2026,2026-09-06 01:04:18.896315
369eb3e8-f1c1-480f-bed6-7548069809f9,ryan.johnson@exxonmobil.com,CMP_PAST_OIL_GAS_US,Open,https://example.com?utm_source=mailchimp&utm_campaign=CMP_PAST_OIL_GAS_US,2025-11-21 06:04:18.896315
ddf41256-6316-483a-9437-7d62fee4deaa,matthew.shelton@exxonmobil.com,CMP_PAST_OIL_GAS_US,Open,https://example.com?utm_source=mailchimp&utm_campaign=CMP_PAST_OIL_GAS_US,2025-12-15 00:04:18.896315
7640e3d7-e4c3-4faf-8591-3cf6bc82711c,tanner.anderson@exxonmobil.com,CMP_LIVE_OTC_2026,Open,https://example.com?utm_source=mailchimp&utm_campaign=CMP_LIVE_OTC_2026,2026-08-14 16:04:18.896315
324d5d3a-93bd-4bbb-a6dc-b751e506dcf0,cindy.johnson@exxonmobil.com,CMP_LIVE_OTC_2026,Open,https://example.com?utm_source=mailchimp&utm_campaign=CMP_LIVE_OTC_2026,2026-08-07 22:04:18.896315
3f22ac23-8d7a-47a0-99d8-a51e93ce084d,phillip.elliott@exxonmobil.com,CMP_LIVE_GASTECH_2026,Open,https://example.com?utm_source=mailchimp&utm_campaign=CMP_LIVE_GASTECH_2026,2026-09-02 09:04:18.896315
a6497403-d703-4ebd-acd2-cc0da62ae8fb,phillip.elliott@exxonmobil.com,CMP_LIVE_OTC_2026,Open,https://example.com?utm_source=mailchimp&utm_campaign=CMP_LIVE_OTC_2026,2026-07-22 21:04:18.896315
98bbff71-5c4a-4552-892c-fc15ef14a4f3,derek.murray@totalenergies.com,CMP_LIVE_OTC_2026,Open,https://example.com?utm_source=mailchimp&utm_campaign=CMP_LIVE_OTC_2026,2026-08-29 17:04:18.896315
b087be49-9e5f-423d-b036-946ee6dfc5ae,derek.murray@totalenergies.com,CMP_PAST_OIL_GAS_US,Open,,2026-02-12 02:04:20.896315
53ee8f26-28f6-4e0d-90a8-b9a2e69cdec7,brent.gray@totalenergies.com,CMP_LIVE_GASTECH_2026,Open,https://example.com?utm_source=mailchimp&utm_campaign=CMP_LIVE_GASTECH_2026,2026-08-25 21:04:18.896315
4218cd93-8931-4bc4-9ce6-8278d6077b46,jason.murphy@totalenergies.com,CMP_PAST_MIDDLE_EAST,Open,,2025-09-18 18:04:20.896315
7537b701-9769-494f-81e1-a0971d18a4e8,kathleen.gray@totalenergies.com,CMP_LIVE_GASTECH_2026,Open,https://example.com?utm_source=mailchimp&utm_campaign=CMP_LIVE_GASTECH_2026,2026-08-15 12:04:18.896315
b2423905-769e-4a80-bb50-fd608d9d5903,karen.decker@totalenergies.com,CMP_PAST_OIL_GAS_US,Open,https://example.com?utm_source=mailchimp&utm_campaign=CMP_PAST_OIL_GAS_US,2026-02-08 23:04:18.896315
44add45c-f609-4898-bf12-f2b055d206cd,johnny.miller@totalenergies.com,CMP_LIVE_OTC_2026,Open,https://example.com?utm_source=mailchimp&utm_campaign=CMP_LIVE_OTC_2026,2026-09-06 02:04:18.896315
b5dbb1fa-25e6-444a-bffb-9b8baeb048c1,andrew.ryan@totalenergies.com,CMP_LIVE_OTC_2026,Open,https://example.com?utm_source=mailchimp&utm_campaign=CMP_LIVE_OTC_2026,2026-07-12 00:04:18.896315
76a2e60e-54cf-46c3-b916-44f7b8190e8c,zoe.bell@totalenergies.com,CMP_PAST_O_M_2026,Open,https://example.com?utm_source=mailchimp&utm_campaign=CMP_PAST_O_M_2026,2025-01-30 13:04:18.896315
a6136e9d-23cd-438e-86bb-23ce057d97d6,stefanie.gonzalez@totalenergies.com,CMP_LIVE_GASTECH_2026,Open,https://example.com?utm_source=mailchimp&utm_campaign=CMP_LIVE_GASTECH_2026,2026-08-14 14:04:18.896315
1e89c92c-dda5-4ca1-953c-6cccded16d8c,stefanie.gonzalez@totalenergies.com,CMP_PAST_MIDDLE_EAST,Open,https://example.com?utm_source=mailchimp&utm_campaign=CMP_PAST_MIDDLE_EAST,2025-10-31 12:04:18.896315
e4e2e744-b5f7-472a-99c8-c3819bb0ba88,andrew.hernandez@totalenergies.com,CMP_LIVE_GASTECH_2026,Open,https://example.com?utm_source=mailchimp&utm_campaign=CMP_LIVE_GASTECH_2026,2026-08-10 15:04:18.896315
5ec35f09-fe89-4acf-a44d-d3076a6bdb3a,david.caldwell@totalenergies.com,CMP_LIVE_OTC_2026,Open,,2026-07-20 11:04:20.896315
8b0251fb-0ef6-4172-9d0c-a6f2b69649ff,gary.lawson@totalenergies.com,CMP_LIVE_GASTECH_2026,Open,https://example.com?utm_source=mailchimp&utm_campaign=CMP_LIVE_GASTECH_2026,2026-08-19 06:04:18.896315
86a00064-8a8a-497d-97e2-e92f7ac19eb3,julie.wilson@totalenergies.com,CMP_LIVE_GASTECH_2026,Open,https://example.com?utm_source=mailchimp&utm_campaign=CMP_LIVE_GASTECH_2026,2026-09-04 18:04:18.896315
546d7b07-db1f-4551-9442-a5d8dcb6d4e8,julie.wilson@totalenergies.com,CMP_PAST_OIL_GAS_US,Open,https://example.com?utm_source=mailchimp&utm_campaign=CMP_PAST_OIL_GAS_US,2025-12-16 10:04:18.896315
03093781-be26-476a-826f-a5ee9021d661,lori.oconnell@totalenergies.com,CMP_LIVE_OTC_2026,Open,https://example.com?utm_source=mailchimp&utm_campaign=CMP_LIVE_OTC_2026,2026-07-17 03:04:18.896315
ee4fcb11-f894-4c84-af2d-d417caa4267f,larry.byrd@totalenergies.com,CMP_LIVE_GASTECH_2026,Open,https://example.com?utm_source=mailchimp&utm_campaign=CMP_LIVE_GASTECH_2026,2026-09-03 20:04:18.896315
2ee5fc33-5ce7-42c4-be89-1864cf81d3ff,larry.byrd@totalenergies.com,CMP_LIVE_OTC_2026,Open,https://example.com?utm_source=mailchimp&utm_campaign=CMP_LIVE_OTC_2026,2026-07-19 17:04:18.896315
b97771f1-d853-422d-a603-9d787873e70e,susan.sanders@totalenergies.com,CMP_PAST_OIL_GAS_US,Open,https://example.com?utm_source=mailchimp&utm_campaign=CMP_PAST_OIL_GAS_US,2026-04-05 22:04:18.896315
3eacf7c2-934f-4342-9bef-246a4b089977,jennifer.jones@totalenergies.com,CMP_LIVE_GASTECH_2026,Open,https://example.com?utm_source=mailchimp&utm_campaign=CMP_LIVE_GASTECH_2026,2026-08-10 14:04:18.896315
ff2f11ed-c5ff-4fe4-b61c-8afe79b79c53,jennifer.jones@totalenergies.com,CMP_PAST_MIDDLE_EAST,Open,https://example.com?utm_source=mailchimp&utm_campaign=CMP_PAST_MIDDLE_EAST,2025-09-28 13:04:18.896315
5929c298-a882-4815-8ce1-077b96de9c29,melissa.burke@totalenergies.com,CMP_LIVE_GASTECH_2026,Open,https://example.com?utm_source=mailchimp&utm_campaign=CMP_LIVE_GASTECH_2026,2026-08-20 09:04:18.896315
8d37948b-c13e-4a51-9c75-f18b4ced6253,david.riggs@totalenergies.com,CMP_LIVE_OTC_2026,Open,https://example.com?utm_source=mailchimp&utm_campaign=CMP_LIVE_OTC_2026,2026-07-26 17:04:18.896315
bd1dfa82-0d89-48e0-8967-054dd29e3fec,kimberly.reed@totalenergies.com,CMP_LIVE_OTC_2026,Open,https://example.com?utm_source=mailchimp&utm_campaign=CMP_LIVE_OTC_2026,2026-07-15 19:04:18.896315
d9dd679b-4054-41c3-99c6-2c30dc92a036,william.peterson@totalenergies.com,CMP_LIVE_GASTECH_2026,Open,https://example.com?utm_source=mailchimp&utm_campaign=CMP_LIVE_GASTECH_2026,2026-09-05 22:04:18.896315
7e764365-94d5-4f70-b743-efbcfaee553a,william.peterson@totalenergies.com,CMP_PAST_OIL_GAS_US,Open,https://example.com?utm_source=mailchimp&utm_campaign=CMP_PAST_OIL_GAS_US,2026-01-16 05:04:18.896315
44ce3a56-fb67-49d5-800b-39047da62922,william.peterson@totalenergies.com,CMP_PAST_MIDDLE_EAST,Open,,2025-09-05 23:04:20.896315
a849c8a7-4f51-4399-97c3-90b5e8f21d86,cynthia.poole@totalenergies.com,CMP_LIVE_OTC_2026,Open,https://example.com?utm_source=mailchimp&utm_campaign=CMP_LIVE_OTC_2026,2026-07-22 02:04:18.896315
cd594038-59ec-4899-939d-49ac26ba250e,jasmine.graham@totalenergies.com,CMP_LIVE_GASTECH_2026,Open,https://example.com?utm_source=mailchimp&utm_campaign=CMP_LIVE_GASTECH_2026,2026-08-27 05:04:18.896315
aad1daaa-3ea3-4d47-ad8a-e2f2e8dbf66e,jessica.sheppard@totalenergies.com,CMP_LIVE_OTC_2026,Open,https://example.com?utm_source=mailchimp&utm_campaign=CMP_LIVE_OTC_2026,2026-09-06 16:04:18.896315
09e801a9-6c00-40f4-931a-c908f77e3bff,amanda.webb@conocophillips.com,CMP_LIVE_GASTECH_2026,Open,https://example.com?utm_source=mailchimp&utm_campaign=CMP_LIVE_GASTECH_2026,2026-08-12 23:04:18.896315
4dec498e-a01c-4bf5-bea5-c5e04a83cc15,amanda.webb@conocophillips.com,CMP_LIVE_OTC_2026,Open,https://example.com?utm_source=mailchimp&utm_campaign=CMP_LIVE_OTC_2026,2026-08-31 22:04:18.896315
940d4f07-5164-4c2a-9ddc-d502ee862644,ryan.simon@conocophillips.com,CMP_LIVE_OTC_2026,Open,https://example.com?utm_source=mailchimp&utm_campaign=CMP_LIVE_OTC_2026,2026-07-12 11:04:18.896315
de717809-830d-47a6-a8ff-2b9f2f569a91,joseph.christian@conocophillips.com,CMP_LIVE_GASTECH_2026,Open,https://example.com?utm_source=mailchimp&utm_campaign=CMP_LIVE_GASTECH_2026,2026-08-28 15:04:18.896315
b785dad0-5aab-496c-a1a2-595907d8e02e,joseph.christian@conocophillips.com,CMP_PAST_OIL_GAS_US,Open,https://example.com?utm_source=mailchimp&utm_campaign=CMP_PAST_OIL_GAS_US,2025-12-22 22:04:18.896315
51c370c9-5746-4ebe-9bd6-1f0e1199eca9,mariah.miller@conocophillips.com,CMP_LIVE_GASTECH_2026,Open,https://example.com?utm_source=mailchimp&utm_campaign=CMP_LIVE_GASTECH_2026,2026-09-06 18:04:18.896315
52f0ae15-2f3a-47fa-9dde-11c2e8835567,mariah.miller@conocophillips.com,CMP_PAST_OIL_GAS_US,Open,https://example.com?utm_source=mailchimp&utm_campaign=CMP_PAST_OIL_GAS_US,2025-12-06 03:04:18.896315
1d77e17f-607a-473a-a525-0730cb73df58,nicole.sanchez@conocophillips.com,CMP_LIVE_GASTECH_2026,Open,https://example.com?utm_source=mailchimp&utm_campaign=CMP_LIVE_GASTECH_2026,2026-08-25 13:04:18.896315
e2864f02-ab1e-4367-800f-ee9632a32601,nicole.sanchez@conocophillips.com,CMP_LIVE_OTC_2026,Open,https://example.com?utm_source=mailchimp&utm_campaign=CMP_LIVE_OTC_2026,2026-08-09 10:04:18.896315
c8b181c7-660f-49ab-85e6-69193aa05bb8,melissa.white@conocophillips.com,CMP_LIVE_OTC_2026,Open,https://example.com?utm_source=mailchimp&utm_campaign=CMP_LIVE_OTC_2026,2026-07-20 10:04:18.896315
a61fc05b-2ecd-47b8-9c51-7cde6c3307e2,jacqueline.hill@conocophillips.com,CMP_LIVE_GASTECH_2026,Open,https://example.com?utm_source=mailchimp&utm_campaign=CMP_LIVE_GASTECH_2026,2026-08-24 20:04:18.896315
6a0fc56d-b1bc-4c09-b351-99018a1983ba,christopher.cortez@conocophillips.com,CMP_PAST_OIL_GAS_US,Open,,2026-02-06 13:04:20.896315
0b2888f7-8ced-4cc4-b8ef-9cc9f59c2769,tracy.chang@conocophillips.com,CMP_LIVE_GASTECH_2026,Open,https://example.com?utm_source=mailchimp&utm_campaign=CMP_LIVE_GASTECH_2026,2026-08-11 14:04:18.896315
ba03e720-d806-4b40-9054-92d92c53ecd5,heather.torres@conocophillips.com,CMP_LIVE_GASTECH_2026,Open,https://example.com?utm_source=mailchimp&utm_campaign=CMP_LIVE_GASTECH_2026,2026-08-30 03:04:18.896315
3d086339-fa08-4458-ab70-ebe4248e625c,bonnie.kennedy@conocophillips.com,CMP_PAST_OIL_GAS_US,Open,https://example.com?utm_source=mailchimp&utm_campaign=CMP_PAST_OIL_GAS_US,2026-04-08 17:04:18.896315
383f3ca2-6070-4e8a-8050-934d600ce4cc,jacqueline.nelson@conocophillips.com,CMP_PAST_OIL_GAS_US,Open,https://example.com?utm_source=mailchimp&utm_campaign=CMP_PAST_OIL_GAS_US,2026-01-17 16:04:18.896315
9a52e666-a9cd-4cbb-8fb3-7cc6b4c0cc74,jacob.robinson@conocophillips.com,CMP_PAST_OIL_GAS_US,Open,https://example.com?utm_source=mailchimp&utm_campaign=CMP_PAST_OIL_GAS_US,2026-03-09 01:04:18.896315
f7c3d61a-22c5-414e-b171-61edeef8bc98,justin.garcia@conocophillips.com,CMP_LIVE_GASTECH_2026,Open,https://example.com?utm_source=mailchimp&utm_campaign=CMP_LIVE_GASTECH_2026,2026-08-28 11:04:18.896315
183e4b1f-eae3-481c-8022-b54bbba6c4ec,james.perez@conocophillips.com,CMP_LIVE_OTC_2026,Open,,2026-08-10 23:04:20.896315
522060ac-48c1-4fb7-b7bd-476a2cdd194f,james.perez@conocophillips.com,CMP_PAST_OIL_GAS_US,Open,https://example.com?utm_source=mailchimp&utm_campaign=CMP_PAST_OIL_GAS_US,2025-12-06 22:04:18.896315
b4fa8a08-9b12-49a6-98cf-800a7cff09e6,harry.smith@conocophillips.com,CMP_LIVE_GASTECH_2026,Open,,2026-09-03 12:04:20.896315
1f11f93b-9a02-48f9-97c6-32b55afb007c,amanda.hill@conocophillips.com,CMP_LIVE_OTC_2026,Open,https://example.com?utm_source=mailchimp&utm_campaign=CMP_LIVE_OTC_2026,2026-07-12 13:04:18.896315
d7a59b8d-b5cc-45ab-a57a-19889c3e0ba3,amanda.hill@conocophillips.com,CMP_PAST_OIL_GAS_US,Open,https://example.com?utm_source=mailchimp&utm_campaign=CMP_PAST_OIL_GAS_US,2026-01-22 19:04:18.896315
a90d5299-5441-442b-a49d-98acd9d63b54,terri.tran@conocophillips.com,CMP_LIVE_GASTECH_2026,Open,https://example.com?utm_source=mailchimp&utm_campaign=CMP_LIVE_GASTECH_2026,2026-08-16 20:04:18.896315
4b65cbc3-35fe-4d16-b5eb-aad8b276db31,terri.tran@conocophillips.com,CMP_PAST_OIL_GAS_US,Open,https://example.com?utm_source=mailchimp&utm_campaign=CMP_PAST_OIL_GAS_US,2025-12-29 00:04:18.896315
fbbd81c3-32a4-4c15-9e69-6d385a0c20cc,terri.tran@conocophillips.com,CMP_PAST_O_M_2026,Open,https://example.com?utm_source=mailchimp&utm_campaign=CMP_PAST_O_M_2026,2024-08-10 19:04:18.896315
9d08986a-86c6-45c6-966d-81a4d2af8349,heidi.martinez@conocophillips.com,CMP_PAST_OIL_GAS_US,Open,,2025-12-06 05:04:20.896315
12ce1a88-9437-4391-842d-bd66d538e321,jack.williams@conocophillips.com,CMP_LIVE_GASTECH_2026,Open,,2026-09-02 00:04:20.896315
85782aea-0d48-4d15-a902-703e8f3d7e7e,lynn.morales@conocophillips.com,CMP_PAST_OIL_GAS_US,Open,https://example.com?utm_source=mailchimp&utm_campaign=CMP_PAST_OIL_GAS_US,2025-12-22 01:04:18.896315
5f84d351-5485-4b58-9e89-1a3795548ff8,charles.soto@conocophillips.com,CMP_PAST_OIL_GAS_US,Open,https://example.com?utm_source=mailchimp&utm_campaign=CMP_PAST_OIL_GAS_US,2026-01-05 14:04:18.896315
4fffb790-d280-4f7e-9d00-32fb41cfca78,brian.hernandez@conocophillips.com,CMP_PAST_O_M_2026,Open,https://example.com?utm_source=mailchimp&utm_campaign=CMP_PAST_O_M_2026,2025-03-26 19:04:18.896315
8a231d6b-87ea-4a93-9743-f09a14fcb4e1,krystal.perez@conocophillips.com,CMP_LIVE_GASTECH_2026,Open,,2026-08-26 14:04:20.896315
db89059e-f0ad-489a-99f4-9a0b7ca8177a,veronica.torres@conocophillips.com,CMP_LIVE_GASTECH_2026,Open,https://example.com?utm_source=mailchimp&utm_campaign=CMP_LIVE_GASTECH_2026,2026-08-22 14:04:18.896315
6a31138b-2705-4079-aec7-74cc977c15c6,veronica.torres@conocophillips.com,CMP_PAST_MIDDLE_EAST,Open,https://example.com?utm_source=mailchimp&utm_campaign=CMP_PAST_MIDDLE_EAST,2025-06-18 10:04:18.896315
9e05c3fe-1b87-47ab-958f-4ee691780db5,jody.meza@eni.com,CMP_PAST_O_M_2026,Open,https://example.com?utm_source=mailchimp&utm_campaign=CMP_PAST_O_M_2026,2025-01-03 00:04:18.896315
6d0b1af8-8a2a-4198-b35a-815e710fbbb8,donna.moore@eni.com,CMP_PAST_OIL_GAS_US,Open,https://example.com?utm_source=mailchimp&utm_campaign=CMP_PAST_OIL_GAS_US,2026-03-11 12:04:18.896315
ed534410-9a32-47d9-bd7b-b732bd5098eb,jacqueline.gibson@eni.com,CMP_PAST_OIL_GAS_US,Open,https://example.com?utm_source=mailchimp&utm_campaign=CMP_PAST_OIL_GAS_US,2026-01-26 03:04:18.896315
e40e8063-1412-4859-8194-63de1f516aa6,donna.peck@eni.com,CMP_PAST_MIDDLE_EAST,Open,https://example.com?utm_source=mailchimp&utm_campaign=CMP_PAST_MIDDLE_EAST,2025-05-24 23:04:18.896315
e26fe4d3-1cce-4d71-918a-a7a7b87ab00e,ronald.stephens@eni.com,CMP_LIVE_GASTECH_2026,Open,https://example.com?utm_source=mailchimp&utm_campaign=CMP_LIVE_GASTECH_2026,2026-08-28 03:04:18.896315
5d66ab01-ee08-404c-a5ae-945862ea3606,margaret.jones@eni.com,CMP_LIVE_OTC_2026,Open,https://example.com?utm_source=mailchimp&utm_campaign=CMP_LIVE_OTC_2026,2026-07-21 16:04:18.896315
f3676699-8e74-4a5e-8e4a-ffddfa3d1971,gabriel.parker@eni.com,CMP_PAST_O_M_2026,Open,https://example.com?utm_source=mailchimp&utm_campaign=CMP_PAST_O_M_2026,2026-08-26 08:04:18.896315
80bfb3bb-280a-44d9-8983-474fdb820b19,kaitlyn.carroll@eni.com,CMP_LIVE_GASTECH_2026,Open,https://example.com?utm_source=mailchimp&utm_campaign=CMP_LIVE_GASTECH_2026,2026-08-29 07:04:18.896315
40753e59-3eda-4b9d-bc22-4903f59f608b,kaitlyn.carroll@eni.com,CMP_LIVE_OTC_2026,Open,,2026-07-29 16:04:20.896315
6d99a434-fdbb-41ac-b6d3-6a08396553c3,bill.reynolds@eni.com,CMP_LIVE_GASTECH_2026,Open,https://example.com?utm_source=mailchimp&utm_campaign=CMP_LIVE_GASTECH_2026,2026-08-28 04:04:18.896315
212a424b-c244-4d77-9f51-60903ad86638,bill.reynolds@eni.com,CMP_PAST_MIDDLE_EAST,Open,,2026-09-09 07:04:20.896315
cf3ec98c-de4d-4ebc-9fc4-5c791a50cf92,mary.johnston@eni.com,CMP_LIVE_OTC_2026,Open,,2026-07-27 06:04:20.896315
a021cb39-0fa2-4b0a-accc-cdb546058d8d,mary.johnston@eni.com,CMP_PAST_MIDDLE_EAST,Open,https://example.com?utm_source=mailchimp&utm_campaign=CMP_PAST_MIDDLE_EAST,2025-06-09 22:04:18.896315
037f9e8e-00c9-4515-b080-400aaf0cb575,stephanie.key@eni.com,CMP_LIVE_GASTECH_2026,Open,,2026-08-15 03:04:20.896315
f4816dce-28f1-4bfa-8f45-e3218513fdba,emily.adams@eni.com,CMP_PAST_MIDDLE_EAST,Open,,2025-10-13 21:04:20.896315
990a4cf6-91ac-42ca-8108-4817af3e0962,billy.avila@eni.com,CMP_PAST_OIL_GAS_US,Open,https://example.com?utm_source=mailchimp&utm_campaign=CMP_PAST_OIL_GAS_US,2026-08-31 08:04:18.896315
df9f777c-d506-421f-a915-6509be79985c,billy.avila@eni.com,CMP_PAST_MIDDLE_EAST,Open,https://example.com?utm_source=mailchimp&utm_campaign=CMP_PAST_MIDDLE_EAST,2025-09-08 18:04:18.896315
411ef0bd-afc3-41bb-bf92-6c2c4e8917b7,sabrina.white@eni.com,CMP_LIVE_GASTECH_2026,Open,https://example.com?utm_source=mailchimp&utm_campaign=CMP_LIVE_GASTECH_2026,2026-08-17 17:04:18.896315
c05d527d-2f54-4c34-8056-5f08bf331971,brenda.walters@eni.com,CMP_PAST_OIL_GAS_US,Open,,2025-12-26 19:04:20.896315
b57ea1e3-fd2c-42e9-b8d4-75d96efc41b4,keith.landry@eni.com,CMP_LIVE_GASTECH_2026,Open,https://example.com?utm_source=mailchimp&utm_campaign=CMP_LIVE_GASTECH_2026,2026-08-26 23:04:18.896315
73f41fd4-fce1-40e6-98d4-8cca27772b20,keith.landry@eni.com,CMP_PAST_OIL_GAS_US,Open,https://example.com?utm_source=mailchimp&utm_campaign=CMP_PAST_OIL_GAS_US,2026-03-31 03:04:18.896315
6cb5dc34-9e43-4354-ae94-7235934fd5da,lisa.pierce@eni.com,CMP_LIVE_GASTECH_2026,Open,,2026-08-25 23:04:20.896315
ce9ba7ae-fd92-4377-b602-3054e1a5be07,shawn.edwards@eni.com,CMP_PAST_O_M_2026,Open,https://example.com?utm_source=mailchimp&utm_campaign=CMP_PAST_O_M_2026,2024-09-12 19:04:18.896315
a7aa2c07-9961-4403-8fc0-4f4100c2636f,marcus.cordova@eni.com,CMP_LIVE_GASTECH_2026,Open,https://example.com?utm_source=mailchimp&utm_campaign=CMP_LIVE_GASTECH_2026,2026-08-29 18:04:18.896315
97df695f-5ecc-4353-ab1f-1f3e3a44ef50,vanessa.sandoval@petrobras.com,CMP_LIVE_GASTECH_2026,Open,https://example.com?utm_source=mailchimp&utm_campaign=CMP_LIVE_GASTECH_2026,2026-08-19 19:04:18.896315
5dbed703-9626-443f-b1e7-8679b2ffe9f3,amy.gutierrez@petrobras.com,CMP_PAST_MIDDLE_EAST,Open,https://example.com?utm_source=mailchimp&utm_campaign=CMP_PAST_MIDDLE_EAST,2025-07-14 09:04:18.896315
b0bfdd43-e95b-4bdc-a3cc-341a13f61c80,katherine.garrett@petrobras.com,CMP_LIVE_GASTECH_2026,Open,https://example.com?utm_source=mailchimp&utm_campaign=CMP_LIVE_GASTECH_2026,2026-08-19 22:04:18.896315
38ec1601-8750-4177-b1f9-81bd241cf8bc,katherine.garrett@petrobras.com,CMP_LIVE_OTC_2026,Open,https://example.com?utm_source=mailchimp&utm_campaign=CMP_LIVE_OTC_2026,2026-09-01 00:04:18.896315
54a1bd8d-d04e-4003-878a-627807b4b4d1,kathleen.harris@petrobras.com,CMP_PAST_OIL_GAS_US,Open,https://example.com?utm_source=mailchimp&utm_campaign=CMP_PAST_OIL_GAS_US,2025-12-03 21:04:18.896315
dccfc488-d4d7-45c0-a760-dc313ed1bcfa,andrea.pennington@petrobras.com,CMP_PAST_OIL_GAS_US,Open,https://example.com?utm_source=mailchimp&utm_campaign=CMP_PAST_OIL_GAS_US,2025-11-26 11:04:18.896315
bcfa3e16-6b02-456f-b1b4-e7605b158506,david.dudley@petrobras.com,CMP_PAST_OIL_GAS_US,Open,https://example.com?utm_source=mailchimp&utm_campaign=CMP_PAST_OIL_GAS_US,2025-11-22 11:04:18.896315
a24bb6c6-ab19-4729-b138-7f0fad04cb6a,chelsea.allen@petrobras.com,CMP_PAST_OIL_GAS_US,Open,https://example.com?utm_source=mailchimp&utm_campaign=CMP_PAST_OIL_GAS_US,2025-11-12 16:04:18.896315
ee5eef14-7be6-4048-9270-395485e605c2,andrea.davis@petrobras.com,CMP_LIVE_GASTECH_2026,Open,https://example.com?utm_source=mailchimp&utm_campaign=CMP_LIVE_GASTECH_2026,2026-08-28 06:04:18.896315
a1b87ff4-2cf5-4779-9a48-c15140c55355,steven.wilson@petrobras.com,CMP_LIVE_OTC_2026,Open,,2026-08-16 04:04:20.896315
2af23b2f-3963-47f9-b64a-d253e2b265ac,steven.wilson@petrobras.com,CMP_PAST_O_M_2026,Open,,2025-03-23 05:04:20.896315
5312aadb-8789-4d01-b07a-4de4007c9fc2,marilyn.jimenez@petrobras.com,CMP_PAST_MIDDLE_EAST,Open,https://example.com?utm_source=mailchimp&utm_campaign=CMP_PAST_MIDDLE_EAST,2025-07-02 15:04:18.896315
1f22256c-4218-4bdb-92e1-03095bbad43a,robert.villa@petrobras.com,CMP_LIVE_GASTECH_2026,Open,https://example.com?utm_source=mailchimp&utm_campaign=CMP_LIVE_GASTECH_2026,2026-08-27 13:04:18.896315
2e921ce9-2a7c-4328-b955-62f1182f1184,robert.villa@petrobras.com,CMP_PAST_MIDDLE_EAST,Open,https://example.com?utm_source=mailchimp&utm_campaign=CMP_PAST_MIDDLE_EAST,2025-09-05 18:04:18.896315
a2e7c81c-e1ca-4393-bddc-80e93b33dbb8,william.hoover@petrobras.com,CMP_LIVE_OTC_2026,Open,https://example.com?utm_source=mailchimp&utm_campaign=CMP_LIVE_OTC_2026,2026-07-19 21:04:18.896315
88ddf080-0b06-464b-871c-08cd7b9d9abf,william.hoover@petrobras.com,CMP_PAST_OIL_GAS_US,Open,,2026-09-04 05:04:20.896315
5f177aa5-af08-4f7c-a7c1-0aa27ce9e744,brenda.duarte@petrobras.com,CMP_LIVE_GASTECH_2026,Open,https://example.com?utm_source=mailchimp&utm_campaign=CMP_LIVE_GASTECH_2026,2026-08-19 20:04:18.896315
625eefd9-4583-4519-8d2b-d31b27e155c1,tracy.hernandez@petrobras.com,CMP_LIVE_OTC_2026,Open,https://example.com?utm_source=mailchimp&utm_campaign=CMP_LIVE_OTC_2026,2026-08-04 10:04:18.896315
c3407534-9ea7-40a1-94a0-0ff052dd4bf1,tracy.hernandez@petrobras.com,CMP_PAST_OIL_GAS_US,Open,https://example.com?utm_source=mailchimp&utm_campaign=CMP_PAST_OIL_GAS_US,2026-01-03 06:04:18.896315
4a16ca5f-70d3-420c-ae23-b19d42ebaacb,amanda.reed@petrobras.com,CMP_LIVE_GASTECH_2026,Open,https://example.com?utm_source=mailchimp&utm_campaign=CMP_LIVE_GASTECH_2026,2026-08-29 17:04:18.896315
f03dd0e1-b160-4aaf-8b3d-0b5c2653cdc2,jacob.terry@petrobras.com,CMP_PAST_O_M_2026,Open,https://example.com?utm_source=mailchimp&utm_campaign=CMP_PAST_O_M_2026,2024-08-25 04:04:18.896315
584368a7-9e48-407e-82e8-710006c5f26e,kimberly.williams@petrobras.com,CMP_LIVE_GASTECH_2026,Open,https://example.com?utm_source=mailchimp&utm_campaign=CMP_LIVE_GASTECH_2026,2026-08-16 05:04:18.896315
49ac2cbe-8c53-4828-b481-29b3203ba447,tina.simpson@petrobras.com,CMP_LIVE_OTC_2026,Open,https://example.com?utm_source=mailchimp&utm_campaign=CMP_LIVE_OTC_2026,2026-08-22 03:04:18.896315
64cbba2b-b814-4eb4-910e-c355c93cc32b,benjamin.shaw@petrobras.com,CMP_PAST_OIL_GAS_US,Open,https://example.com?utm_source=mailchimp&utm_campaign=CMP_PAST_OIL_GAS_US,2025-11-27 22:04:18.896315
3944368b-36c1-40ea-9e6a-41723f0b4918,benjamin.shaw@petrobras.com,CMP_PAST_O_M_2026,Open,https://example.com?utm_source=mailchimp&utm_campaign=CMP_PAST_O_M_2026,2024-10-08 15:04:18.896315
717e295c-09bf-41db-a0c3-b20034e0962f,brittany.kane@petrobras.com,CMP_PAST_OIL_GAS_US,Open,,2026-03-14 00:04:20.896315
24435746-27e7-4e74-b973-7ae51e86fecd,alicia.bryant@schlumberger.com,CMP_PAST_O_M_2026,Open,https://example.com?utm_source=mailchimp&utm_campaign=CMP_PAST_O_M_2026,2024-08-01 20:04:18.896315
d878b678-4cc2-4366-aac2-fa9ae326035e,jennifer.ortiz@schlumberger.com,CMP_PAST_MIDDLE_EAST,Open,https://example.com?utm_source=mailchimp&utm_campaign=CMP_PAST_MIDDLE_EAST,2025-08-29 05:04:18.896315
907831d7-213a-4b79-8df3-81a51821a2f0,matthew.schwartz@schlumberger.com,CMP_PAST_OIL_GAS_US,Open,https://example.com?utm_source=mailchimp&utm_campaign=CMP_PAST_OIL_GAS_US,2025-11-26 00:04:18.896315
b32db600-8763-407c-8e71-6c1b833e1211,debra.christian@schlumberger.com,CMP_LIVE_GASTECH_2026,Open,https://example.com?utm_source=mailchimp&utm_campaign=CMP_LIVE_GASTECH_2026,2026-08-22 18:04:18.896315
09f0df23-f598-40be-b90a-657bdc1093ee,melissa.villarreal@schlumberger.com,CMP_PAST_MIDDLE_EAST,Open,https://example.com?utm_source=mailchimp&utm_campaign=CMP_PAST_MIDDLE_EAST,2025-08-07 00:04:18.896315
f8264a23-ab9e-4454-9186-76262728cee4,norman.stewart@schlumberger.com,CMP_LIVE_GASTECH_2026,Open,https://example.com?utm_source=mailchimp&utm_campaign=CMP_LIVE_GASTECH_2026,2026-08-13 10:04:18.896315
c9525876-9baf-4a18-8961-23cadaf031f2,norman.stewart@schlumberger.com,CMP_PAST_MIDDLE_EAST,Open,https://example.com?utm_source=mailchimp&utm_campaign=CMP_PAST_MIDDLE_EAST,2025-08-24 14:04:18.896315
f256f9bc-7ec8-43c3-b738-69b9ea2a3ac6,monique.johnson@schlumberger.com,CMP_LIVE_GASTECH_2026,Open,https://example.com?utm_source=mailchimp&utm_campaign=CMP_LIVE_GASTECH_2026,2026-08-29 06:04:18.896315
0ef2d9c7-a52b-4012-9d06-015fc801ed54,samantha.bright@schlumberger.com,CMP_PAST_OIL_GAS_US,Open,https://example.com?utm_source=mailchimp&utm_campaign=CMP_PAST_OIL_GAS_US,2026-01-09 01:04:18.896315
0517af77-f379-4edd-85dd-0728667e04fa,julie.hamilton@schlumberger.com,CMP_LIVE_OTC_2026,Open,https://example.com?utm_source=mailchimp&utm_campaign=CMP_LIVE_OTC_2026,2026-08-26 07:04:18.896315
3a8a159f-cd58-4267-ab16-5c18fe6bf754,julie.hamilton@schlumberger.com,CMP_PAST_MIDDLE_EAST,Open,https://example.com?utm_source=mailchimp&utm_campaign=CMP_PAST_MIDDLE_EAST,2025-06-23 19:04:18.896315
de792028-4667-46da-9013-918d53001ac4,monique.wallace@schlumberger.com,CMP_LIVE_GASTECH_2026,Open,https://example.com?utm_source=mailchimp&utm_campaign=CMP_LIVE_GASTECH_2026,2026-08-17 14:04:18.896315
2f7c1b87-0b2f-4006-a55f-7ca40ae0f00a,heather.berger@schlumberger.com,CMP_PAST_MIDDLE_EAST,Open,https://example.com?utm_source=mailchimp&utm_campaign=CMP_PAST_MIDDLE_EAST,2025-06-09 02:04:18.896315
1bda7de1-b442-4eac-ba8a-febd3370db67,kelly.brooks@schlumberger.com,CMP_LIVE_GASTECH_2026,Open,https://example.com?utm_source=mailchimp&utm_campaign=CMP_LIVE_GASTECH_2026,2026-08-31 08:04:18.896315
53c74235-adaa-4600-a43a-dd7eebce56c6,kelly.brooks@schlumberger.com,CMP_PAST_O_M_2026,Open,https://example.com?utm_source=mailchimp&utm_campaign=CMP_PAST_O_M_2026,2024-09-25 01:04:18.896315
3fb08971-f7d2-431c-b82f-f39ec94f5246,dustin.schmidt@schlumberger.com,CMP_PAST_MIDDLE_EAST,Open,https://example.com?utm_source=mailchimp&utm_campaign=CMP_PAST_MIDDLE_EAST,2025-08-01 08:04:18.896315
cb3d6cb8-1a32-4931-8df4-76f051d8d53a,george.miller@schlumberger.com,CMP_PAST_OIL_GAS_US,Open,,2026-02-12 05:04:20.896315
ae249be3-37d7-48db-8c2c-b18baee5172e,monica.harvey@schlumberger.com,CMP_LIVE_GASTECH_2026,Open,https://example.com?utm_source=mailchimp&utm_campaign=CMP_LIVE_GASTECH_2026,2026-08-19 06:04:18.896315
3a41bbef-4158-445d-a438-df1c4950ab50,monica.harvey@schlumberger.com,CMP_LIVE_OTC_2026,Open,https://example.com?utm_source=mailchimp&utm_campaign=CMP_LIVE_OTC_2026,2026-08-15 20:04:18.896315
7c8b6a88-7959-463e-8e96-05f096520b9d,monica.harvey@schlumberger.com,CMP_PAST_MIDDLE_EAST,Open,https://example.com?utm_source=mailchimp&utm_campaign=CMP_PAST_MIDDLE_EAST,2025-09-17 01:04:18.896315
1d895030-5123-4715-bcf0-9ba39e3ddf36,jonathan.scott@schlumberger.com,CMP_PAST_OIL_GAS_US,Open,https://example.com?utm_source=mailchimp&utm_campaign=CMP_PAST_OIL_GAS_US,2026-01-03 23:04:18.896315
f0555845-9686-4f1e-b1e4-8a1e04d4b61b,albert.ballard@schlumberger.com,CMP_PAST_MIDDLE_EAST,Open,https://example.com?utm_source=mailchimp&utm_campaign=CMP_PAST_MIDDLE_EAST,2025-08-03 20:04:18.896315
9c780cb2-6892-45b6-945c-77add11c209d,rachel.byrd@schlumberger.com,CMP_PAST_O_M_2026,Open,https://example.com?utm_source=mailchimp&utm_campaign=CMP_PAST_O_M_2026,2024-07-31 17:04:18.896315
e73b1908-6ade-4c00-93b7-8fc7b24c020e,eric.alexander@schlumberger.com,CMP_PAST_OIL_GAS_US,Open,https://example.com?utm_source=mailchimp&utm_campaign=CMP_PAST_OIL_GAS_US,2026-01-07 13:04:18.896315
b70c0437-03fa-4f74-bb59-999ce204f30c,danielle.coleman@schlumberger.com,CMP_LIVE_OTC_2026,Open,https://example.com?utm_source=mailchimp&utm_campaign=CMP_LIVE_OTC_2026,2026-07-25 13:04:18.896315
e4ee9973-3f32-44ab-9e87-0adb6736f514,john.bruce@schlumberger.com,CMP_LIVE_OTC_2026,Open,https://example.com?utm_source=mailchimp&utm_campaign=CMP_LIVE_OTC_2026,2026-07-24 21:04:18.896315
d747fcda-8a4e-4f6c-808e-3a77d28b07d4,ashley.andrews@schlumberger.com,CMP_PAST_MIDDLE_EAST,Open,https://example.com?utm_source=mailchimp&utm_campaign=CMP_PAST_MIDDLE_EAST,2025-05-29 12:04:18.896315
1b547626-cf0a-44a2-b457-65d089a57f30,victoria.phillips@schlumberger.com,CMP_PAST_O_M_2026,Open,https://example.com?utm_source=mailchimp&utm_campaign=CMP_PAST_O_M_2026,2024-07-28 15:04:18.896315
8651772c-28a4-4568-866c-e6b112ec7d26,tiffany.barrett@schlumberger.com,CMP_LIVE_GASTECH_2026,Open,https://example.com?utm_source=mailchimp&utm_campaign=CMP_LIVE_GASTECH_2026,2026-09-02 00:04:18.896315
28434fcf-88ea-427a-9a3b-679e97dd1d08,tiffany.barrett@schlumberger.com,CMP_LIVE_OTC_2026,Open,https://example.com?utm_source=mailchimp&utm_campaign=CMP_LIVE_OTC_2026,2026-07-28 15:04:18.896315
b5ca7517-ecaf-4e5d-994f-e3e0c1510790,joshua.knight@schlumberger.com,CMP_PAST_O_M_2026,Open,https://example.com?utm_source=mailchimp&utm_campaign=CMP_PAST_O_M_2026,2024-12-03 17:04:18.896315
f7965b51-debe-4444-8b12-4199caa922fa,gina.garner@schlumberger.com,CMP_PAST_OIL_GAS_US,Open,https://example.com?utm_source=mailchimp&utm_campaign=CMP_PAST_OIL_GAS_US,2026-02-11 11:04:18.896315
40b1f14a-e914-4a67-a888-54d0c080fcdb,gina.garner@schlumberger.com,CMP_PAST_MIDDLE_EAST,Open,https://example.com?utm_source=mailchimp&utm_campaign=CMP_PAST_MIDDLE_EAST,2026-08-23 05:04:18.896315
28ccd93f-ad88-489a-bea1-ba8aa74526a6,tyler.strong@schlumberger.com,CMP_PAST_OIL_GAS_US,Open,https://example.com?utm_source=mailchimp&utm_campaign=CMP_PAST_OIL_GAS_US,2026-09-05 14:04:18.896315
6e5de196-bf63-4305-ac97-1384156f0fa9,catherine.gomez@halliburton.com,CMP_LIVE_OTC_2026,Open,https://example.com?utm_source=mailchimp&utm_campaign=CMP_LIVE_OTC_2026,2026-07-19 18:04:18.896315
1ea1b06e-720d-41c3-8823-c89cc7dcc262,dana.oliver@halliburton.com,CMP_PAST_OIL_GAS_US,Open,https://example.com?utm_source=mailchimp&utm_campaign=CMP_PAST_OIL_GAS_US,2025-12-10 20:04:18.896315
40cae880-f16a-4d9e-aaa1-6d2768dceec4,erica.le@halliburton.com,CMP_LIVE_OTC_2026,Open,https://example.com?utm_source=mailchimp&utm_campaign=CMP_LIVE_OTC_2026,2026-08-24 22:04:18.896315
9bd6276a-1b3e-4222-a0a1-95cc7fd9cb74,jessica.davis@halliburton.com,CMP_LIVE_GASTECH_2026,Open,https://example.com?utm_source=mailchimp&utm_campaign=CMP_LIVE_GASTECH_2026,2026-08-14 08:04:18.896315
53dc4825-c64c-435e-aa60-5b9fa8fc0ee3,jessica.davis@halliburton.com,CMP_PAST_O_M_2026,Open,https://example.com?utm_source=mailchimp&utm_campaign=CMP_PAST_O_M_2026,2024-09-08 00:04:18.896315
86e4673b-d14f-4431-a7d1-860168bca308,amber.mata@halliburton.com,CMP_LIVE_OTC_2026,Open,https://example.com?utm_source=mailchimp&utm_campaign=CMP_LIVE_OTC_2026,2026-07-13 20:04:18.896315
4dad427d-30d3-4288-a334-fee267e8052d,maria.scott@halliburton.com,CMP_LIVE_OTC_2026,Open,https://example.com?utm_source=mailchimp&utm_campaign=CMP_LIVE_OTC_2026,2026-07-12 09:04:18.896315
97d841e1-1440-4450-bd6b-0e3992b48d95,makayla.olson@halliburton.com,CMP_LIVE_GASTECH_2026,Open,https://example.com?utm_source=mailchimp&utm_campaign=CMP_LIVE_GASTECH_2026,2026-08-19 00:04:18.896315
d659b0a8-91d4-4cff-989e-9c1d6578d4c8,lindsay.francis@halliburton.com,CMP_PAST_O_M_2026,Open,https://example.com?utm_source=mailchimp&utm_campaign=CMP_PAST_O_M_2026,2024-07-06 07:04:18.896315
ae0c6df0-2cdf-43db-b6ef-c090c2618ecf,matthew.wilson@halliburton.com,CMP_PAST_OIL_GAS_US,Open,https://example.com?utm_source=mailchimp&utm_campaign=CMP_PAST_OIL_GAS_US,2025-12-22 07:04:18.896315
381e8b1f-575d-443f-84eb-4583e10854ce,sydney.taylor@halliburton.com,CMP_LIVE_GASTECH_2026,Open,https://example.com?utm_source=mailchimp&utm_campaign=CMP_LIVE_GASTECH_2026,2026-08-31 05:04:18.896315
494a9a50-82ac-4b06-994b-b19ddbd9adc0,alexander.herrera@halliburton.com,CMP_LIVE_GASTECH_2026,Open,https://example.com?utm_source=mailchimp&utm_campaign=CMP_LIVE_GASTECH_2026,2026-09-02 09:04:18.896315
be370f53-85d7-4b0d-b269-1c89c2493bdb,shawn.chambers@halliburton.com,CMP_PAST_O_M_2026,Open,https://example.com?utm_source=mailchimp&utm_campaign=CMP_PAST_O_M_2026,2024-11-07 13:04:18.896315
06d3f889-47bb-4b54-a5cf-9d596807506e,emily.richards@halliburton.com,CMP_LIVE_GASTECH_2026,Open,https://example.com?utm_source=mailchimp&utm_campaign=CMP_LIVE_GASTECH_2026,2026-08-12 00:04:18.896315
f82cb08e-46d9-4f31-a5da-79760a8995ba,anna.herman@halliburton.com,CMP_PAST_OIL_GAS_US,Open,https://example.com?utm_source=mailchimp&utm_campaign=CMP_PAST_OIL_GAS_US,2026-02-16 14:04:18.896315
f3fcaa49-fb85-40da-a44a-2578c912c582,jeffrey.brown@halliburton.com,CMP_PAST_OIL_GAS_US,Open,https://example.com?utm_source=mailchimp&utm_campaign=CMP_PAST_OIL_GAS_US,2025-11-21 14:04:18.896315
f06f4f69-2b57-408a-842d-3dbf1b783511,madison.blankenship@bakerhughes.com,CMP_LIVE_GASTECH_2026,Open,https://example.com?utm_source=mailchimp&utm_campaign=CMP_LIVE_GASTECH_2026,2026-09-01 22:04:18.896315
9679ff50-0001-4287-acec-1bb7ba8feba0,madison.blankenship@bakerhughes.com,CMP_PAST_MIDDLE_EAST,Open,https://example.com?utm_source=mailchimp&utm_campaign=CMP_PAST_MIDDLE_EAST,2025-05-23 23:04:18.896315
0acc08e7-acd4-4d0d-b242-de8bfbd0967c,sonya.barnes@bakerhughes.com,CMP_LIVE_GASTECH_2026,Open,https://example.com?utm_source=mailchimp&utm_campaign=CMP_LIVE_GASTECH_2026,2026-08-22 12:04:18.896315
4f68537c-c240-490c-9139-3fcec2725d5a,julia.moore@bakerhughes.com,CMP_PAST_O_M_2026,Open,https://example.com?utm_source=mailchimp&utm_campaign=CMP_PAST_O_M_2026,2024-11-10 07:04:18.896315
0e96a9b4-73b9-4761-aaa5-84ca7a3bf4aa,robert.garcia@bakerhughes.com,CMP_LIVE_GASTECH_2026,Open,https://example.com?utm_source=mailchimp&utm_campaign=CMP_LIVE_GASTECH_2026,2026-08-28 12:04:18.896315
c1bff899-f96a-448c-b393-227323efb1a0,robert.garcia@bakerhughes.com,CMP_PAST_OIL_GAS_US,Open,https://example.com?utm_source=mailchimp&utm_campaign=CMP_PAST_OIL_GAS_US,2026-03-26 22:04:18.896315
a86215ac-35c5-4c18-bd3d-716f94112931,tracy.russell@bakerhughes.com,CMP_PAST_OIL_GAS_US,Open,https://example.com?utm_source=mailchimp&utm_campaign=CMP_PAST_OIL_GAS_US,2025-12-17 18:04:18.896315
4526dfd0-5d8b-429a-8a43-dd2522dc9008,cory.jennings@bakerhughes.com,CMP_PAST_OIL_GAS_US,Open,https://example.com?utm_source=mailchimp&utm_campaign=CMP_PAST_OIL_GAS_US,2025-12-31 04:04:18.896315
af55a2c2-e62b-4222-bb9f-2861c4207f10,amy.levine@bakerhughes.com,CMP_PAST_OIL_GAS_US,Open,https://example.com?utm_source=mailchimp&utm_campaign=CMP_PAST_OIL_GAS_US,2026-09-01 20:04:18.896315
f98899c1-f90b-48c7-bcb2-0efc1889a457,melanie.gibson@bakerhughes.com,CMP_LIVE_GASTECH_2026,Open,,2026-09-05 05:04:20.896315
cfa1f6b4-41d3-4876-acf3-9b538ffc8d99,melanie.gibson@bakerhughes.com,CMP_PAST_OIL_GAS_US,Open,,2026-09-10 13:04:20.896315
043b9660-103e-4f20-bd8a-315cbb9d5a06,carla.smith@bakerhughes.com,CMP_LIVE_GASTECH_2026,Open,https://example.com?utm_source=mailchimp&utm_campaign=CMP_LIVE_GASTECH_2026,2026-08-21 05:04:18.896315
ec4db1d4-ebec-460c-8da0-6464ac9cb06b,casey.hubbard@bakerhughes.com,CMP_LIVE_GASTECH_2026,Open,https://example.com?utm_source=mailchimp&utm_campaign=CMP_LIVE_GASTECH_2026,2026-08-22 06:04:18.896315
5b031088-b16e-4198-8a12-c5792e708ad8,jamie.robinson@bakerhughes.com,CMP_PAST_OIL_GAS_US,Open,https://example.com?utm_source=mailchimp&utm_campaign=CMP_PAST_OIL_GAS_US,2025-11-26 23:04:18.896315
066b3615-1de3-419e-a025-577410d37e62,molly.murphy@bakerhughes.com,CMP_PAST_OIL_GAS_US,Open,https://example.com?utm_source=mailchimp&utm_campaign=CMP_PAST_OIL_GAS_US,2026-03-12 23:04:18.896315
32de4040-c3c0-49ee-a931-c9e51f24b3d6,duane.anderson@bakerhughes.com,CMP_LIVE_OTC_2026,Open,https://example.com?utm_source=mailchimp&utm_campaign=CMP_LIVE_OTC_2026,2026-08-20 21:04:18.896315
8545b775-09d8-490f-814f-916f47b94a32,donna.johnson@bakerhughes.com,CMP_LIVE_GASTECH_2026,Open,,2026-09-08 22:04:20.896315
4b7a34b8-d254-4462-93cc-c65310f4d00a,donna.johnson@bakerhughes.com,CMP_PAST_OIL_GAS_US,Open,,2026-03-02 23:04:20.896315
9470af18-2116-4896-9af6-149880abb0d9,donna.johnson@bakerhughes.com,CMP_PAST_O_M_2026,Open,https://example.com?utm_source=mailchimp&utm_campaign=CMP_PAST_O_M_2026,2026-09-05 05:04:18.896315
5961dd39-ad38-41fb-a2ac-514ff4a3de06,grant.williams@bakerhughes.com,CMP_LIVE_OTC_2026,Open,https://example.com?utm_source=mailchimp&utm_campaign=CMP_LIVE_OTC_2026,2026-08-27 22:04:18.896315
70a729d6-de84-418f-bf10-2dd8f21da512,judy.fox@bakerhughes.com,CMP_PAST_OIL_GAS_US,Open,https://example.com?utm_source=mailchimp&utm_campaign=CMP_PAST_OIL_GAS_US,2025-11-15 01:04:18.896315
22eed54d-ba0b-4cd3-8bdf-15422174eaa6,julie.alvarez@bakerhughes.com,CMP_PAST_OIL_GAS_US,Open,,2026-01-13 06:04:20.896315
8783c1e2-5209-4ed1-b26b-1e29c87da2a8,krista.camacho@bakerhughes.com,CMP_LIVE_GASTECH_2026,Open,,2026-09-10 20:04:20.896315
ba88e2ba-58c6-441e-841c-e083b335d943,tamara.brown@weatherford.com,CMP_PAST_MIDDLE_EAST,Open,https://example.com?utm_source=mailchimp&utm_campaign=CMP_PAST_MIDDLE_EAST,2025-06-06 23:04:18.896315
9076c519-265c-418c-9b84-6cd901214224,timothy.morales@weatherford.com,CMP_PAST_OIL_GAS_US,Open,https://example.com?utm_source=mailchimp&utm_campaign=CMP_PAST_OIL_GAS_US,2026-03-25 21:04:18.896315
638d8d5e-a326-4cb9-ba75-56495783ba08,gina.henry@weatherford.com,CMP_LIVE_GASTECH_2026,Open,https://example.com?utm_source=mailchimp&utm_campaign=CMP_LIVE_GASTECH_2026,2026-08-31 11:04:18.896315
17d8ef81-c649-4ef0-bf8d-644b747f2aaf,gina.henry@weatherford.com,CMP_PAST_O_M_2026,Open,https://example.com?utm_source=mailchimp&utm_campaign=CMP_PAST_O_M_2026,2024-07-20 20:04:18.896315
b8757e33-e837-4454-b1b6-db91b7af1e68,renee.jones@weatherford.com,CMP_LIVE_OTC_2026,Open,https://example.com?utm_source=mailchimp&utm_campaign=CMP_LIVE_OTC_2026,2026-09-04 06:04:18.896315
402eb98b-cfd1-4635-a5ed-1bb08f8e26d3,christopher.franklin@weatherford.com,CMP_PAST_MIDDLE_EAST,Open,https://example.com?utm_source=mailchimp&utm_campaign=CMP_PAST_MIDDLE_EAST,2025-11-11 00:04:18.896315
d72bd771-95fb-46c3-8c46-e61f2135181f,cynthia.kelley@weatherford.com,CMP_LIVE_OTC_2026,Open,https://example.com?utm_source=mailchimp&utm_campaign=CMP_LIVE_OTC_2026,2026-07-16 15:04:18.896315
008895c6-d351-4301-86fc-88399fccc672,catherine.garcia@weatherford.com,CMP_PAST_OIL_GAS_US,Open,https://example.com?utm_source=mailchimp&utm_campaign=CMP_PAST_OIL_GAS_US,2025-11-24 19:04:18.896315
d72189b9-3e44-48da-ae8f-676c2ab01a84,jacqueline.farrell@weatherford.com,CMP_LIVE_OTC_2026,Open,https://example.com?utm_source=mailchimp&utm_campaign=CMP_LIVE_OTC_2026,2026-07-19 21:04:18.896315
065eec21-d79e-43a7-9dbc-0e33958da4be,jacqueline.farrell@weatherford.com,CMP_PAST_MIDDLE_EAST,Open,https://example.com?utm_source=mailchimp&utm_campaign=CMP_PAST_MIDDLE_EAST,2025-10-29 11:04:18.896315
dfb4180f-e243-4d20-a946-0dd6f9fdc406,debra.mack@weatherford.com,CMP_LIVE_GASTECH_2026,Open,https://example.com?utm_source=mailchimp&utm_campaign=CMP_LIVE_GASTECH_2026,2026-08-25 13:04:18.896315
6d825486-b823-4b25-afa9-257643847182,jennifer.lewis@weatherford.com,CMP_LIVE_GASTECH_2026,Open,https://example.com?utm_source=mailchimp&utm_campaign=CMP_LIVE_GASTECH_2026,2026-08-15 06:04:18.896315
b33cdb2b-dfe4-4d6f-be30-97121f25ea15,jennifer.lewis@weatherford.com,CMP_PAST_OIL_GAS_US,Open,https://example.com?utm_source=mailchimp&utm_campaign=CMP_PAST_OIL_GAS_US,2026-01-25 05:04:18.896315
c91f80ba-73bb-45e9-a161-85ac05c78a7d,matthew.chavez@weatherford.com,CMP_LIVE_GASTECH_2026,Open,,2026-09-06 16:04:20.896315
9bac01a6-e391-4380-8270-2f6c9e4f11f5,matthew.chavez@weatherford.com,CMP_LIVE_OTC_2026,Open,https://example.com?utm_source=mailchimp&utm_campaign=CMP_LIVE_OTC_2026,2026-08-10 06:04:18.896315
1463a27c-6368-4a1c-b0a9-0dcafd41d569,robert.davis@weatherford.com,CMP_PAST_OIL_GAS_US,Open,,2026-09-09 08:04:20.896315
ffa357b9-aa1b-4647-8753-62dacddba2e9,sandra.jones@weatherford.com,CMP_LIVE_OTC_2026,Open,https://example.com?utm_source=mailchimp&utm_campaign=CMP_LIVE_OTC_2026,2026-07-11 02:04:18.896315
1c984995-7a18-4f8d-93f1-d43a52076c7d,brenda.hoffman@weatherford.com,CMP_LIVE_GASTECH_2026,Open,https://example.com?utm_source=mailchimp&utm_campaign=CMP_LIVE_GASTECH_2026,2026-08-24 16:04:18.896315
1ac924cd-a5b2-4a67-be53-59c5edd1779a,michael.ortega@weatherford.com,CMP_PAST_O_M_2026,Open,https://example.com?utm_source=mailchimp&utm_campaign=CMP_PAST_O_M_2026,2026-09-05 21:04:18.896315
a34d1ea5-3b3b-4662-b75d-f32f6619dcc8,karen.parrish@weatherford.com,CMP_LIVE_GASTECH_2026,Open,https://example.com?utm_source=mailchimp&utm_campaign=CMP_LIVE_GASTECH_2026,2026-09-02 09:04:18.896315
3245eb3a-1c75-4488-a561-1a249e20a629,karen.parrish@weatherford.com,CMP_LIVE_OTC_2026,Open,https://example.com?utm_source=mailchimp&utm_campaign=CMP_LIVE_OTC_2026,2026-07-29 00:04:18.896315
27b5435f-de6a-4990-b7eb-327391243f7f,jennifer.schmitt@weatherford.com,CMP_LIVE_OTC_2026,Open,https://example.com?utm_source=mailchimp&utm_campaign=CMP_LIVE_OTC_2026,2026-08-04 04:04:18.896315
ecba814c-6cc7-4697-b52e-3f8118e8f459,becky.lewis@weatherford.com,CMP_LIVE_GASTECH_2026,Open,https://example.com?utm_source=mailchimp&utm_campaign=CMP_LIVE_GASTECH_2026,2026-08-12 16:04:18.896315
28a726c5-a892-446e-8c91-f8d6a7baa557,becky.lewis@weatherford.com,CMP_LIVE_OTC_2026,Open,https://example.com?utm_source=mailchimp&utm_campaign=CMP_LIVE_OTC_2026,2026-08-19 23:04:18.896315
8ef0fcd1-758e-4f76-985d-a314c0138c56,diane.walker@weatherford.com,CMP_LIVE_GASTECH_2026,Open,,2026-09-02 21:04:20.896315
234a91aa-c7d1-4db1-9d3a-0ebb01e178bc,daniel.bruce@weatherford.com,CMP_PAST_MIDDLE_EAST,Open,https://example.com?utm_source=mailchimp&utm_campaign=CMP_PAST_MIDDLE_EAST,2026-08-29 08:04:18.896315
47530b7c-ce2a-4636-b433-36b5b2176e99,audrey.aguirre@nationaloilwellvarco.com,CMP_LIVE_GASTECH_2026,Open,https://example.com?utm_source=mailchimp&utm_campaign=CMP_LIVE_GASTECH_2026,2026-08-22 23:04:18.896315
f60c74ae-a19b-43fb-9aab-5d7842f978b4,megan.villegas@nationaloilwellvarco.com,CMP_PAST_MIDDLE_EAST,Open,https://example.com?utm_source=mailchimp&utm_campaign=CMP_PAST_MIDDLE_EAST,2025-09-23 09:04:18.896315
7867bdf9-7598-4429-93e8-9d37d9796a32,dawn.johnson@nationaloilwellvarco.com,CMP_PAST_O_M_2026,Open,https://example.com?utm_source=mailchimp&utm_campaign=CMP_PAST_O_M_2026,2025-03-12 20:04:18.896315
ff0f0a51-bfc5-47b6-af88-03a8ab15fdc0,sarah.gallegos@nationaloilwellvarco.com,CMP_LIVE_OTC_2026,Open,https://example.com?utm_source=mailchimp&utm_campaign=CMP_LIVE_OTC_2026,2026-07-31 12:04:18.896315
8ae77014-5428-4733-b172-a9dc20aee8a2,joseph.white@nationaloilwellvarco.com,CMP_LIVE_OTC_2026,Open,https://example.com?utm_source=mailchimp&utm_campaign=CMP_LIVE_OTC_2026,2026-08-26 12:04:18.896315
7141e0e3-0af8-4a02-86bb-f44836e3196d,jacqueline.parker@nationaloilwellvarco.com,CMP_LIVE_OTC_2026,Open,https://example.com?utm_source=mailchimp&utm_campaign=CMP_LIVE_OTC_2026,2026-07-19 00:04:18.896315
7241a9b5-b3ae-4f4d-99d5-ab121cc06e74,matthew.smith@nationaloilwellvarco.com,CMP_LIVE_GASTECH_2026,Open,https://example.com?utm_source=mailchimp&utm_campaign=CMP_LIVE_GASTECH_2026,2026-08-15 04:04:18.896315
d6e043c8-3471-45b2-aaa0-004aa02a1c0e,molly.knight@nationaloilwellvarco.com,CMP_PAST_OIL_GAS_US,Open,https://example.com?utm_source=mailchimp&utm_campaign=CMP_PAST_OIL_GAS_US,2025-11-13 23:04:18.896315
c704427e-a423-4606-9a00-f7f8cf8d280c,christopher.williams@nationaloilwellvarco.com,CMP_LIVE_GASTECH_2026,Open,,2026-08-19 15:04:20.896315
b6ff1e42-4a2b-4437-ad8a-f28562399727,christopher.williams@nationaloilwellvarco.com,CMP_PAST_OIL_GAS_US,Open,https://example.com?utm_source=mailchimp&utm_campaign=CMP_PAST_OIL_GAS_US,2026-03-09 18:04:18.896315
0247fd43-4706-439e-93f2-8bfba2f20d3e,christopher.williams@nationaloilwellvarco.com,CMP_PAST_MIDDLE_EAST,Open,https://example.com?utm_source=mailchimp&utm_campaign=CMP_PAST_MIDDLE_EAST,2025-04-25 21:04:18.896315
a65fca75-aa0d-4afe-9793-a8ea67617bfe,eric.williamson@nationaloilwellvarco.com,CMP_PAST_MIDDLE_EAST,Open,https://example.com?utm_source=mailchimp&utm_campaign=CMP_PAST_MIDDLE_EAST,2025-09-08 23:04:18.896315
005d62d8-87bf-42c9-ac53-46f3e9c56204,emily.nelson@nationaloilwellvarco.com,CMP_PAST_O_M_2026,Open,https://example.com?utm_source=mailchimp&utm_campaign=CMP_PAST_O_M_2026,2024-12-04 06:04:18.896315
b032756c-b6c2-4128-846c-d097ec676706,ebony.tucker@nationaloilwellvarco.com,CMP_PAST_OIL_GAS_US,Open,https://example.com?utm_source=mailchimp&utm_campaign=CMP_PAST_OIL_GAS_US,2026-04-07 08:04:18.896315
94b9571d-cea1-4ac0-a599-0d6cf6377d5a,ebony.tucker@nationaloilwellvarco.com,CMP_PAST_MIDDLE_EAST,Open,,2025-05-17 07:04:20.896315
c22a8c89-8e19-47ca-b512-e575f9303c1e,scott.nelson@nationaloilwellvarco.com,CMP_LIVE_OTC_2026,Open,https://example.com?utm_source=mailchimp&utm_campaign=CMP_LIVE_OTC_2026,2026-07-25 21:04:18.896315
5262c78f-9161-49d4-a8f4-c0880b091401,scott.nelson@nationaloilwellvarco.com,CMP_PAST_OIL_GAS_US,Open,https://example.com?utm_source=mailchimp&utm_campaign=CMP_PAST_OIL_GAS_US,2026-02-15 08:04:18.896315
4e61525d-4fda-41c1-ab0c-f94e56d89fdb,scott.nelson@nationaloilwellvarco.com,CMP_PAST_MIDDLE_EAST,Open,https://example.com?utm_source=mailchimp&utm_campaign=CMP_PAST_MIDDLE_EAST,2026-09-05 10:04:18.896315
bee81cb9-bf86-42a3-a717-c98ac491787a,erika.tucker@nationaloilwellvarco.com,CMP_PAST_OIL_GAS_US,Open,https://example.com?utm_source=mailchimp&utm_campaign=CMP_PAST_OIL_GAS_US,2026-03-20 21:04:18.896315
63f9ef22-9bd9-49e7-872f-0197a7bacacd,elizabeth.williams@nationaloilwellvarco.com,CMP_LIVE_GASTECH_2026,Open,https://example.com?utm_source=mailchimp&utm_campaign=CMP_LIVE_GASTECH_2026,2026-08-08 19:04:18.896315
c82f6851-129c-4534-879c-7d931f082531,elizabeth.williams@nationaloilwellvarco.com,CMP_PAST_OIL_GAS_US,Open,https://example.com?utm_source=mailchimp&utm_campaign=CMP_PAST_OIL_GAS_US,2025-12-28 21:04:18.896315
cb7d4c60-525c-4704-9a73-26d7af1f835c,jason.taylor@nationaloilwellvarco.com,CMP_LIVE_GASTECH_2026,Open,https://example.com?utm_source=mailchimp&utm_campaign=CMP_LIVE_GASTECH_2026,2026-09-03 00:04:18.896315
1580ba02-4dfb-476a-9454-1fab755bef92,jonathan.murphy@nationaloilwellvarco.com,CMP_LIVE_GASTECH_2026,Open,https://example.com?utm_source=mailchimp&utm_campaign=CMP_LIVE_GASTECH_2026,2026-08-18 05:04:18.896315
07da1dbe-b25d-4a0d-9c04-049909e92822,jonathan.murphy@nationaloilwellvarco.com,CMP_PAST_MIDDLE_EAST,Open,https://example.com?utm_source=mailchimp&utm_campaign=CMP_PAST_MIDDLE_EAST,2025-07-09 08:04:18.896315
bd179af5-57d9-475d-91cb-3aa5a61652ef,gregory.james@nationaloilwellvarco.com,CMP_LIVE_GASTECH_2026,Open,https://example.com?utm_source=mailchimp&utm_campaign=CMP_LIVE_GASTECH_2026,2026-09-05 23:04:18.896315
d6bdb7f6-8b55-4b9c-b8a8-44f0fcd1c70b,charles.hensley@nationaloilwellvarco.com,CMP_LIVE_GASTECH_2026,Open,,2026-09-12 06:04:20.896315
d49c25b1-cfc5-41eb-a04f-794e54a96615,charles.hensley@nationaloilwellvarco.com,CMP_PAST_OIL_GAS_US,Open,https://example.com?utm_source=mailchimp&utm_campaign=CMP_PAST_OIL_GAS_US,2026-01-13 12:04:18.896315
68e146d8-e7de-4497-b2f9-591cb4f21f8c,bobby.smith@nationaloilwellvarco.com,CMP_LIVE_GASTECH_2026,Open,https://example.com?utm_source=mailchimp&utm_campaign=CMP_LIVE_GASTECH_2026,2026-08-16 17:04:18.896315
edbe08a7-4220-415c-97d5-e05aaff7644b,bobby.smith@nationaloilwellvarco.com,CMP_PAST_O_M_2026,Open,,2024-11-12 19:04:20.896315
ce3da501-46a9-4cab-94a1-a9312f927bd7,barbara.berry@nationaloilwellvarco.com,CMP_LIVE_GASTECH_2026,Open,https://example.com?utm_source=mailchimp&utm_campaign=CMP_LIVE_GASTECH_2026,2026-08-12 09:04:18.896315
9500fa5c-6b5a-4421-861c-2572a79915b3,mark.solis@nationaloilwellvarco.com,CMP_LIVE_OTC_2026,Open,https://example.com?utm_source=mailchimp&utm_campaign=CMP_LIVE_OTC_2026,2026-07-26 07:04:18.896315
02e1df0b-fd91-4bac-9e55-31c2d9a8a5e8,mark.solis@nationaloilwellvarco.com,CMP_PAST_MIDDLE_EAST,Open,https://example.com?utm_source=mailchimp&utm_campaign=CMP_PAST_MIDDLE_EAST,2025-05-24 07:04:18.896315
